Date,Num1,Num2,Num3,Num4,Num5,StarBall
2026-05-27,2,27,32,37,48,8
2026-05-25,16,23,27,36,41,1
2026-05-23,5,16,24,32,41,4
2026-05-20,5,14,26,39,46,6
2026-05-18,23,27,29,36,51,7
2026-05-16,1,4,24,31,46,2
2026-05-13,17,18,28,37,42,4
2026-05-11,16,19,22,34,46,1
2026-05-09,8,12,13,27,42,4
2026-05-06,3,6,7,18,49,10
2026-05-04,9,10,12,50,52,3
2026-05-02,4,18,35,43,50,8
2026-04-29,6,19,24,30,48,4
2026-04-27,20,25,26,31,36,1
2026-04-25,3,15,23,32,36,4
2026-04-22,15,20,32,46,48,4
2026-04-20,5,7,31,41,43,7
2026-04-18,18,21,22,32,42,10
2026-04-15,17,18,31,46,51,2
2026-04-13,1,18,19,35,50,9
2026-04-11,1,21,26,29,32,6
2026-04-08,14,27,40,46,47,2
2026-04-06,22,33,38,44,50,7
2026-04-04,6,31,35,36,40,10
2026-04-01,26,34,39,42,51,5
2026-03-30,1,21,44,47,48,4
2026-03-28,15,29,30,32,35,9
2026-03-25,2,4,9,30,43,4
2026-03-23,3,6,10,32,34,9
2026-03-21,3,11,13,27,52,9
2026-03-18,16,18,29,31,39,7
2026-03-16,14,20,22,29,44,7
2026-03-14,8,9,25,36,44,10
2026-03-11,1,3,22,28,40,7
2026-03-09,3,4,11,20,24,10
2026-03-07,6,8,17,18,45,5
2026-03-04,33,38,39,47,51,7
2026-03-02,3,8,17,24,34,6
2026-02-28,3,5,18,43,51,4
2026-02-25,31,32,41,48,51,6
2026-02-23,2,13,43,46,49,8
2026-02-21,5,14,21,24,34,7
2026-02-18,6,14,19,25,44,6
2026-02-16,1,7,18,36,40,3
2026-02-14,2,4,7,49,51,9
2026-02-11,2,14,28,41,51,2
2026-02-09,2,7,26,28,34,1
2026-02-07,7,22,26,38,41,1
2026-02-04,2,14,30,43,45,10
2026-02-02,10,30,40,47,50,1
2026-01-31,7,21,47,48,49,3
2026-01-28,25,31,33,36,41,2
2026-01-26,2,12,15,27,48,9
2026-01-24,4,11,16,33,42,6
2026-01-21,11,30,39,48,51,4
2026-01-19,2,10,15,18,31,9
2026-01-17,7,28,29,35,39,8
2026-01-14,1,10,23,33,35,6
2026-01-12,9,20,25,30,51,10
2026-01-10,6,15,20,22,25,10
2026-01-07,3,18,25,45,50,4
2026-01-05,12,19,21,30,47,5
2026-01-03,3,4,5,25,42,3
2025-12-31,12,13,37,43,51,8
2025-12-29,1,5,24,35,51,4
2025-12-27,8,10,20,47,50,4
2025-12-24,1,18,27,41,49,9
2025-12-22,1,9,18,19,44,2
2025-12-20,9,12,34,45,50,1
2025-12-17,14,30,38,40,47,6
2025-12-15,8,11,29,36,50,7
2025-12-13,20,26,27,32,46,8
2025-12-10,3,13,37,42,44,1
2025-12-08,7,10,32,33,35,3
2025-12-06,7,8,14,23,41,9
2025-12-03,14,19,27,30,41,10
2025-12-01,5,27,37,43,47,5
2025-11-29,1,15,18,21,46,6
2025-11-26,7,19,25,26,28,7
2025-11-24,1,5,8,19,50,6
2025-11-22,4,12,19,20,50,4
2025-11-19,12,31,39,40,42,8
2025-11-17,2,20,28,36,46,2
2025-11-15,14,21,40,43,48,8
2025-11-12,9,30,31,34,39,2
2025-11-10,6,14,17,26,28,3
2025-11-08,15,21,23,37,52,5
2025-11-05,1,26,35,50,51,5
2025-11-03,7,11,19,25,50,10
2025-11-01,8,11,23,31,47,6
2025-10-29,21,33,40,42,50,5
2025-10-27,12,21,27,35,39,2
2025-10-25,2,31,33,35,50,7
2025-10-22,4,15,28,33,35,6
2025-10-20,20,32,35,43,51,4
2025-10-18,12,26,27,32,35,2
2025-10-15,8,24,33,46,47,4
2025-10-13,5,8,10,39,47,9
2025-10-11,1,17,31,35,39,3
2025-10-08,4,10,15,17,19,10
2025-10-06,3,11,21,25,32,6
2025-10-04,9,27,28,45,51,6
2025-10-01,12,28,42,44,48,3
2025-09-29,5,38,49,51,52,8
2025-09-27,2,12,20,34,43,7
2025-09-24,6,24,27,35,46,2
2025-09-22,2,5,34,41,44,10
2025-09-20,2,13,17,36,42,8
2025-09-17,8,33,36,45,51,2
2025-09-15,14,16,17,33,43,3
2025-09-13,20,24,25,28,46,1
2025-09-10,14,24,38,49,50,5
2025-09-08,3,9,37,44,47,4
2025-09-06,3,9,35,39,48,1
2025-09-03,15,31,34,51,52,5
2025-09-01,4,10,11,23,32,3
2025-08-30,10,16,19,21,45,2
2025-08-27,12,13,25,40,52,9
2025-08-25,1,4,5,10,28,8
2025-08-23,1,6,11,28,31,10
2025-08-20,3,12,27,35,39,6
2025-08-18,2,7,26,30,49,2
2025-08-16,9,15,34,45,47,4
2025-08-13,17,23,27,45,52,3
2025-08-11,1,9,23,25,42,3
2025-08-09,1,9,24,37,40,1
2025-08-06,26,29,30,33,40,1
2025-08-04,1,8,18,22,42,8
2025-08-02,7,16,22,31,39,6
2025-07-30,9,13,26,43,51,4
2025-07-28,8,12,23,25,31,10
2025-07-26,8,16,20,35,48,8
2025-07-23,4,32,36,39,52,1
2025-07-21,5,7,13,47,52,6
2025-07-19,4,25,32,42,51,10
2025-07-16,5,35,37,46,50,9
2025-07-14,9,30,35,43,49,8
2025-07-12,2,10,12,21,45,3
2025-07-09,2,10,27,30,50,5
2025-07-07,8,18,27,31,41,9
2025-07-05,8,10,36,43,45,9
2025-07-02,8,19,20,21,39,7
2025-06-30,5,8,18,32,46,4
2025-06-28,6,25,26,37,45,1
2025-06-25,12,14,25,30,42,4
2025-06-23,16,18,26,40,46,7
2025-06-21,4,6,14,37,43,2
2025-06-18,11,18,25,29,32,9
2025-06-16,4,19,35,43,51,1
2025-06-14,19,22,26,31,51,9
2025-06-11,4,12,13,20,26,4
2025-06-09,6,14,35,44,49,5
2025-06-07,1,17,19,36,43,3
2025-06-04,1,6,26,41,51,8
2025-06-02,5,7,20,28,35,3
2025-05-31,5,11,23,40,47,10
2025-05-28,4,6,8,33,35,5
2025-05-26,2,13,25,37,42,1
2025-05-24,8,19,24,28,49,1
2025-05-21,1,14,15,19,31,9
2025-05-19,4,24,25,45,47,2
2025-05-17,16,18,24,25,34,2
2025-05-14,8,17,38,42,50,5
2025-05-12,2,8,9,20,42,3
2025-05-10,10,12,27,45,51,1
2025-05-07,3,6,9,13,17,8
2025-05-05,5,13,20,22,28,5
2025-05-03,21,23,39,45,50,1
2025-04-30,5,22,23,24,36,7
2025-04-28,18,19,32,44,50,10
2025-04-26,1,9,14,31,34,2
2025-04-23,18,24,34,40,42,8
2025-04-21,2,4,13,21,44,8
2025-04-19,4,11,23,29,36,9
2025-04-16,2,5,45,47,48,8
2025-04-14,7,10,13,21,42,10
2025-04-12,16,24,42,50,52,8
2025-04-09,12,19,30,42,46,7
2025-04-07,4,8,13,27,37,7
2025-04-05,17,26,37,40,51,9
2025-04-02,12,28,39,41,44,1
2025-03-31,11,24,33,38,47,1
2025-03-29,2,21,33,46,52,8
2025-03-26,16,19,30,37,47,6
2025-03-24,14,34,35,40,44,4
2025-03-22,6,21,43,47,52,3
2025-03-19,4,8,26,34,36,6
2025-03-17,12,33,11,29,20,8
2025-03-15,51,44,39,41,16,7
2025-03-12,4,21,17,28,48,4
2025-03-10,39,36,34,13,15,10
2025-03-08,30,31,36,43,1,9
2025-03-05,15,35,10,23,41,4
2025-03-03,25,49,40,12,29,3
2025-03-01,33,13,9,41,8,6
2025-02-26,11,8,21,39,27,5
2025-02-24,35,1,30,21,41,3
2025-02-22,35,26,24,34,3,6
2025-02-19,23,35,22,41,3,2
2025-02-17,20,24,37,22,48,5
2025-02-15,41,29,39,52,17,3
2025-02-12,27,6,30,23,16,1
2025-02-10,7,10,13,31,50,5
2025-02-08,50,5,6,2,30,6
2025-02-05,44,17,45,4,13,5
2025-02-03,33,10,51,35,49,3
2025-02-01,15,52,21,35,14,6
2025-01-29,45,23,20,9,42,2
2025-01-27,33,45,21,7,3,2
2025-01-25,35,8,46,44,31,10
2025-01-22,43,27,16,32,8,4
2025-01-20,23,22,4,32,2,5
2025-01-18,41,52,16,28,47,3
2025-01-15,47,28,11,2,40,3
2025-01-13,49,37,5,11,50,4
2025-01-11,7,52,10,47,16,1
2025-01-08,41,4,15,39,33,7
2025-01-06,15,45,51,50,34,8
2025-01-04,1,17,34,3,21,4
2025-01-01,14,1,8,2,30,6
2024-12-30,50,12,45,38,16,8
2024-12-28,12,42,30,22,17,2
2024-12-25,4,52,42,40,5,10
2024-12-23,52,42,28,4,21,1
2024-12-21,39,30,19,44,9,4
2024-12-18,10,39,5,47,35,5
2024-12-16,50,34,18,5,17,8
2024-12-14,8,52,51,47,2,3
2024-12-11,50,4,14,30,45,4
2024-12-09,51,38,24,29,15,3
2024-12-07,7,31,44,46,14,8
2024-12-04,44,10,42,13,32,9
2024-12-02,20,47,1,39,37,4
2024-11-30,44,15,4,5,10,5
2024-11-27,24,29,23,20,2,9
2024-11-25,16,12,14,33,25,1
2024-11-23,8,14,49,10,2,9
2024-11-20,25,17,11,38,47,9
2024-11-18,37,20,43,42,36,6
2024-11-16,29,24,7,4,5,4
2024-11-13,11,41,42,29,23,10
2024-11-11,39,52,38,50,15,10
2024-11-09,48,14,41,34,31,1
2024-11-06,19,42,3,47,48,7
2024-11-04,16,12,9,52,3,3
2024-11-02,42,9,7,32,23,10
2024-10-30,41,30,50,37,27,7
2024-10-28,41,28,22,1,10,3
2024-10-26,3,2,42,25,47,5
2024-10-23,47,18,44,42,38,3
2024-10-21,20,24,4,26,1,4
2024-10-19,3,28,34,10,47,4
2024-10-16,33,2,16,52,21,4
2024-10-14,43,6,51,25,31,4
2024-10-12,37,49,11,15,36,7
2024-10-09,18,51,40,28,32,4
2024-10-07,8,26,45,28,39,10
2024-10-05,32,15,36,17,8,2
2024-10-02,8,17,28,20,10,4
2024-09-30,30,29,24,51,28,10
2024-09-28,13,47,12,48,51,10
2024-09-25,5,31,13,52,10,8
2024-09-23,15,23,22,35,13,9
2024-09-21,1,45,8,37,4,7
2024-09-18,29,45,7,17,42,5
2024-09-16,41,4,44,52,16,5
2024-09-14,9,42,6,38,50,4
2024-09-11,12,9,2,10,24,7
2024-09-09,40,1,24,10,20,1
2024-09-07,4,9,1,37,33,10
2024-09-04,28,30,7,9,31,3
2024-09-02,3,39,6,7,27,3
2024-08-31,32,42,51,18,17,6
2024-08-28,46,28,7,52,41,4
2024-08-26,38,23,42,44,43,10
2024-08-24,19,21,28,32,3,4
2024-08-21,6,41,46,25,45,1
2024-08-19,41,21,49,16,48,4
2024-08-17,4,38,26,50,42,9
2024-08-14,32,8,11,15,42,6
2024-08-12,27,9,28,52,24,3
2024-08-10,6,42,41,40,19,5
2024-08-07,44,42,51,24,15,4
2024-08-05,13,21,33,38,29,2
2024-08-03,43,5,21,42,10,10
2024-07-31,51,27,49,15,28,1
2024-07-29,52,1,51,44,26,4
2024-07-27,9,45,17,15,42,2
2024-07-24,36,8,40,31,11,6
2024-07-22,43,2,15,52,12,1
2024-07-20,7,16,6,13,36,1
2024-07-17,44,9,15,49,6,3
2024-07-15,1,40,41,7,10,9
2024-07-13,49,34,27,8,20,9
2024-07-10,21,25,42,51,6,4
2024-07-08,40,5,22,46,21,5
2024-07-06,42,38,25,15,11,5
2024-07-03,49,6,7,37,46,10
2024-07-01,18,7,36,37,43,9
2024-06-29,22,15,21,42,10,3
2024-06-26,12,27,11,48,38,6
2024-06-24,18,6,22,25,35,1
2024-06-22,39,26,37,1,44,1
2024-06-19,19,24,51,21,44,8
2024-06-17,29,28,35,3,12,3
2024-06-15,32,36,26,49,31,1
2024-06-12,44,30,3,11,16,8
2024-06-10,5,11,14,26,25,9
2024-06-08,37,5,45,23,7,3
2024-06-05,3,15,43,17,49,7
2024-06-03,38,33,22,6,5,4
2024-06-01,19,29,39,13,15,5
2024-05-29,11,36,8,9,29,3
2024-05-27,32,51,9,40,25,5
2024-05-25,29,17,40,12,27,10
2024-05-22,15,2,43,5,41,5
2024-05-20,13,26,15,27,24,3
2024-05-18,33,9,8,7,12,9
2024-05-15,27,47,51,25,17,10
2024-05-13,16,26,47,1,15,4
2024-05-11,15,50,16,27,51,3
2024-05-08,38,47,11,5,18,5
2024-05-06,6,3,11,17,30,10
2024-05-04,25,11,42,5,37,5
2024-05-01,19,26,40,24,14,7
2024-04-29,32,14,50,3,31,1
2024-04-27,16,9,39,13,48,3
2024-04-24,22,17,7,12,52,3
2024-04-22,52,19,38,28,33,7
2024-04-20,15,14,11,31,6,5
2024-04-17,10,38,24,29,20,1
2024-04-15,52,2,12,18,23,4
2024-04-13,9,29,7,10,38,2
2024-04-10,33,2,47,21,15,7
2024-04-08,24,32,38,28,29,8
2024-04-06,23,2,42,35,32,7
2024-04-03,16,11,20,27,47,4
2024-04-01,16,44,41,32,6,3
2024-03-30,34,9,17,52,48,5
2024-03-27,22,34,9,31,30,5
2024-03-25,43,35,19,40,32,4
2024-03-23,7,41,52,12,5,4
2024-03-20,50,3,16,29,44,7
2024-03-18,44,24,23,19,31,2
2024-03-16,11,51,43,30,47,4
2024-03-13,23,41,34,33,50,7
2024-03-11,12,15,16,32,46,1
2024-03-09,37,52,33,27,3,9
2024-03-06,40,20,21,42,24,4
2024-03-04,8,22,4,47,5,6
2024-03-02,19,35,38,9,45,3
2024-02-28,37,16,18,46,25,7
2024-02-26,49,21,38,30,36,1
2024-02-24,10,52,33,19,30,10
2024-02-21,6,26,2,43,40,1
2024-02-19,4,41,14,37,31,8
2024-02-17,6,33,10,14,8,5
2024-02-14,2,45,3,15,16,10
2024-02-12,13,14,52,22,31,2
2024-02-10,21,18,1,3,42,8
2024-02-07,2,17,25,20,5,9
2024-02-05,24,15,1,29,17,2
2024-02-03,48,34,10,40,47,1
2024-01-31,48,39,30,3,38,8
2024-01-29,9,51,15,5,50,1
2024-01-27,22,47,13,51,46,4
2024-01-24,29,15,47,13,10,7
2024-01-22,31,39,18,22,50,2
2024-01-20,44,11,24,7,23,3
2024-01-17,16,9,23,14,40,5
2024-01-15,29,38,41,28,52,8
2024-01-13,30,38,46,9,6,1
2024-01-10,27,7,19,51,38,5
2024-01-08,12,21,39,37,45,6
2024-01-06,46,14,51,42,34,6
2024-01-03,17,10,47,51,31,4
2024-01-01,19,9,45,36,7,10
2023-12-30,44,11,30,9,10,7
2023-12-27,10,3,52,47,36,10
2023-12-25,52,48,25,10,4,3
2023-12-23,50,23,24,16,22,9
2023-12-20,28,14,17,4,15,7
2023-12-18,33,3,12,2,40,6
2023-12-16,14,31,13,25,23,9
2023-12-13,34,46,25,4,38,6
2023-12-11,42,47,52,39,18,5
2023-12-09,17,7,48,3,36,7
2023-12-06,43,24,22,27,34,8
2023-12-04,4,16,18,36,47,4
2023-12-02,11,3,8,48,38,8
2023-11-29,24,47,22,37,9,10
2023-11-27,50,8,1,25,23,4
2023-11-25,41,18,11,38,3,1
2023-11-22,17,19,45,37,42,7
2023-11-20,14,10,51,41,24,2
2023-11-18,18,22,26,9,34,6
2023-11-15,26,51,34,15,16,1
2023-11-13,18,51,17,20,44,4
2023-11-11,5,38,25,27,50,7
2023-11-08,52,3,23,45,1,2
2023-11-06,26,44,15,13,46,5
2023-11-04,8,48,11,47,23,4
2023-11-01,21,26,19,6,29,1
2023-10-30,11,49,43,50,28,4
2023-10-28,25,39,12,46,36,9
2023-10-25,46,41,27,3,8,3
2023-10-23,27,21,32,51,28,2
2023-10-21,30,36,11,23,51,6
2023-10-18,16,1,5,14,48,9
2023-10-16,11,47,39,30,37,7
2023-10-14,32,36,33,47,6,4
2023-10-11,3,17,6,9,51,2
2023-10-09,40,38,10,30,13,8
2023-10-07,47,22,5,35,31,10
2023-10-04,8,4,42,26,5,8
2023-10-02,21,51,4,5,36,3
2023-09-30,35,26,5,27,4,6
2023-09-27,22,21,50,46,25,1
2023-09-25,23,19,52,31,38,8
2023-09-23,15,39,50,32,34,10
2023-09-20,27,32,16,2,46,3
2023-09-18,4,51,25,32,24,7
2023-09-16,40,41,23,34,30,3
2023-09-13,40,11,36,12,25,4
2023-09-11,34,13,35,49,36,1
2023-09-09,22,15,33,5,21,5
2023-09-06,39,8,49,51,28,2
2023-09-04,10,52,51,33,17,10
2023-09-02,3,36,17,37,44,8
2023-08-30,30,44,8,15,46,8
2023-08-28,39,46,34,16,33,4
2023-08-26,21,38,8,51,43,1
2023-08-23,29,9,11,39,38,4
2023-08-21,50,10,7,26,40,3
2023-08-19,39,22,29,32,4,4
2023-08-16,37,31,43,14,18,2
2023-08-14,1,26,31,50,33,8
2023-08-12,3,26,29,16,30,5
2023-08-09,33,1,39,10,12,5
2023-08-07,33,8,52,29,4,5
2023-08-05,41,43,38,36,1,5
2023-08-02,51,1,33,18,41,10
2023-07-31,12,5,11,40,34,9
2023-07-29,29,14,52,8,50,10
2023-07-26,42,8,25,36,4,8
2023-07-24,6,51,29,20,13,7
2023-07-22,36,1,41,20,23,1
2023-07-19,40,33,16,12,9,4
2023-07-17,51,40,28,25,29,10
2023-07-15,42,6,5,20,48,6
2023-07-12,3,22,36,5,18,3
2023-07-10,47,30,51,3,26,1
2023-07-08,33,38,49,43,29,8
2023-07-05,39,48,21,9,38,8
2023-07-03,12,42,27,43,37,6
2023-07-01,43,23,13,52,16,2
2023-06-28,43,9,47,28,33,1
2023-06-26,33,34,31,3,38,3
2023-06-24,11,30,49,27,37,1
2023-06-21,35,48,20,13,2,7
2023-06-19,20,1,14,33,30,7
2023-06-17,36,4,23,26,35,8
2023-06-14,15,30,26,2,29,4
2023-06-12,29,41,32,1,46,7
2023-06-10,38,6,4,46,52,7
2023-06-07,12,22,9,21,26,9
2023-06-05,15,42,33,6,43,7
2023-06-03,21,22,14,48,9,2
2023-05-31,15,28,4,27,49,5
2023-05-29,50,52,34,19,42,2
2023-05-27,28,23,2,50,40,8
2023-05-24,1,23,43,35,24,4
2023-05-22,32,8,23,5,43,10
2023-05-20,15,18,19,4,11,1
2023-05-17,36,48,32,7,19,4
2023-05-15,41,38,16,33,9,8
2023-05-13,35,7,43,39,34,10
2023-05-10,14,26,17,9,13,2
2023-05-08,7,18,29,44,24,6
2023-05-06,20,46,13,43,42,1
2023-05-03,9,31,43,8,44,1
2023-05-01,20,17,2,31,45,3
2023-04-29,2,51,5,8,36,2
2023-04-26,11,46,27,12,2,9
2023-04-24,8,6,15,31,16,5
2023-04-22,12,26,9,24,5,4
2023-04-19,48,49,40,41,19,5
2023-04-17,23,21,13,30,10,4
2023-04-15,37,10,17,30,24,3
2023-04-12,45,51,36,48,18,5
2023-04-10,10,15,3,12,37,2
2023-04-08,37,35,1,39,14,5
2023-04-05,23,39,38,41,28,2
2023-04-03,27,40,30,6,52,1
2023-04-01,38,2,51,43,46,7
2023-03-29,46,38,45,24,19,4
2023-03-27,52,20,49,46,37,10
2023-03-25,17,41,29,3,52,10
2023-03-22,14,21,18,51,50,3
2023-03-20,22,13,37,14,30,3
2023-03-18,44,45,37,46,35,1
2023-03-15,43,36,52,45,31,2
2023-03-13,33,23,28,51,20,3
2023-03-11,48,39,45,33,41,8
2023-03-08,3,49,31,29,7,10
2023-03-06,17,25,50,2,35,6
2023-03-04,52,32,2,24,5,4
2023-03-01,8,17,14,38,41,7
2023-02-27,43,12,17,51,41,5
2023-02-25,22,50,14,34,39,8
2023-02-22,31,24,6,25,38,7
2023-02-20,27,19,39,4,10,10
2023-02-18,52,48,5,25,17,1
2023-02-15,37,11,43,32,3,1
2023-02-13,2,26,17,22,21,10
2023-02-11,28,24,3,2,46,9
2023-02-08,29,36,5,4,37,7
2023-02-06,20,3,4,35,32,6
2023-02-04,8,18,52,17,21,5
2023-02-01,10,34,16,33,45,4
2023-01-30,16,32,2,28,38,8
2023-01-28,37,1,34,24,52,9
2023-01-25,47,15,49,9,28,7
2023-01-23,43,47,16,8,6,9
2023-01-21,35,25,27,29,50,6
2023-01-18,12,45,24,27,18,1
2023-01-16,7,52,21,27,20,4
2023-01-14,38,35,37,48,25,5
2023-01-11,23,45,5,46,51,3
2023-01-09,34,32,27,43,39,7
2023-01-07,36,28,49,26,32,8
2023-01-04,37,12,2,30,46,1
2023-01-02,13,10,12,27,50,7
2022-12-31,29,30,42,35,9,8
2022-12-28,21,44,2,10,45,7
2022-12-26,4,11,26,51,49,10
2022-12-24,40,48,44,12,7,1
2022-12-21,14,12,45,23,38,2
2022-12-19,4,50,10,25,34,5
2022-12-17,12,49,40,7,16,1
2022-12-14,18,21,30,32,22,3
2022-12-12,3,23,33,51,31,7
2022-12-10,31,43,2,29,17,10
2022-12-07,47,19,2,22,48,5
2022-12-05,17,34,24,13,4,1
2022-12-03,43,30,36,32,42,10
2022-11-30,21,35,42,12,45,6
2022-11-28,34,5,6,29,49,4
2022-11-26,46,1,27,52,31,7
2022-11-23,42,21,35,12,29,3
2022-11-21,29,14,32,3,12,4
2022-11-19,16,32,48,9,19,5
2022-11-16,43,50,26,19,3,2
2022-11-14,49,29,23,9,40,10
2022-11-12,20,21,38,26,8,10
2022-11-09,15,1,5,7,52,4
2022-11-07,13,15,20,17,5,9
2022-11-05,40,46,5,20,25,1
2022-11-02,12,19,50,52,37,9
2022-10-31,23,4,26,48,51,4
2022-10-29,49,14,16,38,27,4
2022-10-26,10,35,1,26,39,6
2022-10-24,31,19,52,17,22,4
2022-10-22,5,44,49,19,52,2
2022-10-19,44,35,8,52,30,7
2022-10-17,30,19,39,24,20,7
2022-10-15,50,3,24,16,26,1
2022-10-12,48,40,14,20,2,2
2022-10-10,32,8,44,4,14,4
2022-10-08,1,49,9,4,14,3
2022-10-05,21,14,47,37,38,5
2022-10-03,7,9,28,39,6,2
2022-10-01,7,16,5,38,13,10
2022-09-28,13,45,38,44,39,6
2022-09-26,22,24,46,51,21,6
2022-09-24,33,34,20,3,42,6
2022-09-21,32,6,45,38,43,8
2022-09-19,48,31,45,47,12,6
2022-09-17,5,9,14,28,52,3
2022-09-14,13,9,32,29,15,7
2022-09-12,11,6,1,20,9,2
2022-09-10,52,19,33,24,32,6
2022-09-07,50,32,46,23,47,5
2022-09-05,36,2,46,30,39,7
2022-09-03,13,30,26,8,6,4
2022-08-31,52,22,41,43,4,4
2022-08-29,4,43,22,17,16,5
2022-08-27,5,34,51,19,9,2
2022-08-24,49,26,22,20,27,4
2022-08-22,48,52,34,16,22,8
2022-08-20,35,37,20,52,27,6
2022-08-17,4,23,37,38,17,2
2022-08-15,15,50,49,22,8,3
2022-08-13,47,12,43,27,14,7
2022-08-10,6,50,15,44,4,3
2022-08-08,48,2,15,31,17,8
2022-08-06,13,1,18,8,40,1
2022-08-03,13,20,35,43,42,8
2022-08-01,42,51,21,24,48,10
2022-07-30,17,22,24,36,25,5
2022-07-27,44,30,23,27,15,5
2022-07-25,37,31,52,26,48,4
2022-07-23,14,24,48,25,22,4
2022-07-20,42,23,1,48,15,3
2022-07-18,45,35,46,30,18,7
2022-07-16,7,30,11,28,49,1
2022-07-13,18,21,1,39,26,8
2022-07-09,26,35,6,32,11,10
2022-07-06,14,3,1,8,50,1
2022-07-02,19,43,9,50,44,8
2022-06-29,40,52,29,33,17,10
2022-06-25,30,28,12,39,34,6
2022-06-22,13,45,3,37,33,10
2022-06-18,26,32,46,48,28,1
2022-06-15,12,38,48,19,35,4
2022-06-11,37,14,25,33,29,4
2022-06-08,39,42,2,29,15,1
2022-06-04,14,9,46,33,45,9
2022-06-01,4,30,10,15,9,5
2022-05-28,20,52,42,7,40,4
2022-05-25,11,21,17,5,49,5
2022-05-21,46,29,11,21,32,8
2022-05-18,46,24,18,31,8,2
2022-05-14,10,44,33,1,30,2
2022-05-11,36,29,32,26,48,7
2022-05-07,48,18,43,32,51,10
2022-05-04,47,27,5,36,29,7
2022-04-30,45,14,44,30,7,3
2022-04-27,35,50,36,24,10,3
2022-04-23,31,6,15,46,43,3
2022-04-20,3,1,29,25,30,6
2022-04-16,18,10,14,8,23,2
2022-04-13,25,33,10,52,32,9
2022-04-09,37,36,10,7,20,5
2022-04-06,43,22,38,42,27,4
2022-04-02,11,43,4,44,3,8
2022-03-30,23,35,36,6,1,8
2022-03-26,22,29,20,40,6,9
2022-03-23,47,51,36,45,52,6
2022-03-19,27,1,11,7,32,8
2022-03-16,40,16,2,34,41,7
2022-03-12,22,43,48,19,4,9
2022-03-09,8,1,6,3,49,2
2022-03-05,49,1,30,36,10,3
2022-03-02,17,24,26,38,8,2
2022-02-26,31,13,5,48,39,2
2022-02-23,3,13,47,29,52,1
2022-02-19,46,33,47,16,42,6
2022-02-16,14,17,15,21,25,9
2022-02-12,28,42,47,1,14,8
2022-02-09,36,32,2,20,18,9
2022-02-05,22,31,2,35,4,10
2022-02-02,8,18,25,2,31,2
2022-01-29,23,30,19,31,5,3
2022-01-26,1,29,8,22,23,2
2022-01-22,27,11,46,29,35,9
2022-01-19,51,16,35,19,32,1
2022-01-15,52,16,22,49,35,9
2022-01-12,45,27,37,12,19,9
2022-01-08,6,37,5,50,34,5
2022-01-05,1,50,17,4,45,6
2022-01-01,23,3,51,50,33,4
2021-12-29,46,13,15,20,11,7
2021-12-25,27,34,38,17,36,3
2021-12-22,5,33,20,21,41,8
2021-12-18,25,46,31,45,15,4
2021-12-15,24,9,1,25,47,1
2021-12-11,17,8,26,41,10,9
2021-12-08,2,41,11,46,17,9
2021-12-04,34,23,26,8,50,7
2021-12-01,9,47,23,7,39,3
2021-11-27,50,49,27,14,5,9
2021-11-24,34,52,49,4,10,7
2021-11-20,40,33,29,27,37,9
2021-11-17,31,30,6,40,50,5
2021-11-13,10,1,35,27,11,10
2021-11-10,49,32,39,12,20,10
2021-11-06,39,16,9,32,6,2
2021-11-03,10,4,32,40,8,9
2021-10-30,48,10,18,21,47,1
2021-10-27,1,36,5,27,41,3
2021-10-23,25,46,13,48,40,8
2021-10-20,41,8,20,51,17,3
2021-10-16,10,17,48,40,3,1
2021-10-13,44,9,34,14,15,8
2021-10-09,48,22,45,6,51,4
2021-10-06,49,26,11,44,40,10
2021-10-02,2,49,45,50,21,7
2021-09-29,13,31,45,46,32,7
2021-09-25,32,1,10,36,29,3
2021-09-22,3,35,16,41,37,8
2021-09-18,25,15,27,37,49,6
2021-09-15,37,34,8,19,33,9
2021-09-11,38,3,14,36,52,8
2021-09-08,19,3,36,51,44,3
2021-09-04,25,5,28,24,1,4
2021-09-01,10,43,15,47,49,6
2021-08-28,48,13,10,33,39,3
2021-08-25,38,37,50,3,43,7
2021-08-21,19,22,10,35,5,5
2021-08-18,30,27,50,45,38,3
2021-08-14,35,8,21,45,19,3
2021-08-11,8,32,22,34,21,5
2021-08-07,2,38,6,34,41,8
2021-08-04,15,52,27,38,12,10
2021-07-31,38,34,35,19,14,9
2021-07-28,46,18,32,48,49,4
2021-07-24,25,7,31,12,8,5
2021-07-21,17,52,23,4,12,6
2021-07-17,45,26,30,40,37,5
2021-07-14,48,22,51,19,46,10
2021-07-10,43,14,27,6,28,5
2021-07-07,24,43,19,4,1,3
2021-07-03,7,10,34,48,52,1
2021-06-30,14,32,25,4,6,9
2021-06-26,3,49,40,6,8,7
2021-06-23,19,3,38,16,9,3
2021-06-19,39,35,24,42,45,6
2021-06-16,28,14,22,1,41,9
2021-06-12,49,23,8,10,50,6
2021-06-09,52,4,39,48,46,3
2021-06-05,39,16,19,44,13,5
2021-06-02,34,31,45,36,50,10
2021-05-29,18,34,16,4,42,6
2021-05-26,4,21,14,40,31,4
2021-05-22,48,47,52,36,26,5
2021-05-19,38,42,34,18,5,10
2021-05-15,14,46,9,30,19,3
2021-05-12,31,30,46,12,48,7
2021-05-08,4,41,44,34,32,2
2021-05-05,1,12,26,52,36,3
2021-05-01,46,29,17,28,12,1
2021-04-28,34,46,39,33,2,10
2021-04-24,21,20,26,27,5,4
2021-04-21,41,4,42,45,44,8
2021-04-17,15,41,19,39,28,5
2021-04-14,38,39,6,3,2,9
2021-04-10,52,49,24,43,16,9
2021-04-07,7,22,28,12,39,10
2021-04-03,43,48,47,17,42,5
2021-03-31,17,18,21,35,42,8
2021-03-27,23,3,50,51,35,10
2021-03-24,39,40,42,1,37,2
2021-03-20,1,2,18,37,47,2
2021-03-17,5,19,40,7,10,6
2021-03-13,30,40,50,7,49,10
2021-03-10,31,39,15,36,4,6
2021-03-06,37,23,33,42,47,1
2021-03-03,45,18,28,16,19,6
2021-02-27,30,10,27,47,44,6
2021-02-24,39,24,7,5,50,10
2021-02-20,18,26,39,31,7,8
2021-02-17,11,16,2,46,50,8
2021-02-13,40,36,50,44,46,6
2021-02-10,31,22,7,13,20,10
2021-02-06,51,28,16,13,44,9
2021-02-03,12,38,35,43,40,7
2021-01-30,5,9,10,7,29,6
2021-01-27,37,36,1,38,10,5
2021-01-23,34,15,10,20,42,6
2021-01-20,38,14,49,16,6,3
2021-01-16,16,6,21,36,30,3
2021-01-13,21,8,29,32,24,2
2021-01-09,25,30,39,9,29,10
2021-01-06,4,8,17,25,44,6
2021-01-02,14,16,36,15,41,4
2020-12-30,18,26,30,25,49,8
2020-12-26,41,49,15,13,3,2
2020-12-23,8,16,5,34,23,10
2020-12-19,28,35,15,1,9,5
2020-12-16,32,21,18,35,48,7
2020-12-12,46,36,38,10,29,7
2020-12-09,4,20,23,8,50,6
2020-12-05,36,12,51,15,35,9
2020-12-02,22,12,40,9,38,10
2020-11-28,25,7,23,52,16,7
2020-11-25,7,1,38,12,40,6
2020-11-21,36,45,5,2,52,9
2020-11-18,43,39,17,35,42,5
2020-11-14,6,14,8,17,27,2
2020-11-11,30,48,13,31,8,8
2020-11-07,41,7,27,8,31,1
2020-11-04,32,49,11,12,50,4
2020-10-31,29,5,6,40,24,9
2020-10-28,41,14,4,43,35,9
2020-10-24,26,50,22,51,43,3
2020-10-21,46,37,36,1,35,9
2020-10-17,19,35,12,11,43,2
2020-10-14,24,4,33,14,25,7
2020-10-10,19,2,10,31,26,8
2020-10-07,19,17,24,51,34,10
2020-10-03,48,16,34,32,7,2
2020-09-30,30,11,37,5,6,3
2020-09-26,51,11,18,12,24,1
2020-09-23,15,41,6,37,42,6
2020-09-19,15,34,35,52,43,4
2020-09-16,12,48,21,52,15,4
2020-09-12,1,35,2,19,22,6
2020-09-09,35,52,15,6,38,6
2020-09-05,39,42,31,6,10,1
2020-09-02,40,37,25,34,47,8
2020-08-29,13,9,5,51,4,2
2020-08-26,31,24,16,22,5,9
2020-08-22,1,33,49,48,45,5
2020-08-19,17,45,8,35,1,9
2020-08-15,1,24,27,34,20,10
2020-08-12,35,5,42,39,6,2
2020-08-08,31,48,29,14,11,5
2020-08-05,29,23,26,43,6,3
2020-08-01,21,12,44,40,29,6
2020-07-29,45,38,51,29,30,1
2020-07-25,47,36,32,48,46,6
2020-07-22,49,51,25,46,18,7
2020-07-18,23,48,34,47,44,1
2020-07-15,45,13,11,51,14,1
2020-07-11,22,26,3,31,12,3
2020-07-08,7,33,51,45,41,1
2020-07-04,16,18,24,40,7,4
2020-07-01,22,30,24,35,4,7
2020-06-27,47,27,30,36,8,8
2020-06-24,11,30,39,3,36,2
2020-06-20,48,18,27,30,4,7
2020-06-17,12,21,19,48,26,7
2020-06-13,40,26,29,3,16,8
2020-06-10,33,38,52,13,16,7
2020-06-06,39,22,10,12,46,9
2020-06-03,22,46,28,7,41,2
2020-05-30,3,17,45,31,41,5
2020-05-27,20,36,35,48,16,3
2020-05-23,39,38,49,50,29,5
2020-05-20,10,35,41,13,22,6
2020-05-16,29,49,14,8,25,8
2020-05-13,6,50,20,35,19,5
2020-05-09,32,50,31,17,34,3
2020-05-06,31,35,25,18,42,9
2020-05-02,40,37,48,1,51,4
2020-04-29,43,18,28,45,11,6
2020-04-25,28,42,44,16,39,5
2020-04-22,42,41,16,12,11,9
2020-04-18,41,2,48,18,15,6
2020-04-15,19,51,26,3,45,5
2020-04-11,32,41,22,11,34,3
2020-04-08,40,7,2,26,18,3
2020-04-04,30,47,35,21,18,9
2020-04-01,28,16,14,29,52,7
2020-03-28,33,2,31,5,19,9
2020-03-25,41,33,6,36,48,10
2020-03-21,50,21,5,47,26,8
2020-03-18,24,6,34,45,16,2
2020-03-14,10,46,51,17,29,10
2020-03-11,29,2,24,50,11,4
2020-03-07,25,24,13,14,1,1
2020-03-04,22,5,24,6,18,10
2020-02-29,32,36,35,30,19,2
2020-02-26,29,30,40,2,3,7
2020-02-22,25,46,36,40,35,3
2020-02-19,33,29,51,47,16,10
2020-02-15,4,12,32,23,9,8
2020-02-12,13,17,27,44,29,2
2020-02-08,2,9,17,40,36,7
2020-02-05,1,36,2,18,26,8
2020-02-01,23,1,6,8,21,6
2020-01-29,43,11,25,12,9,8
2020-01-25,22,23,16,47,20,6
2020-01-22,6,21,11,4,23,6
2020-01-18,7,5,43,31,41,9
2020-01-15,11,50,1,51,38,9
2020-01-11,25,34,30,1,21,7
2020-01-08,11,38,31,1,49,4
2020-01-04,38,5,47,24,34,6
2020-01-01,30,48,3,44,26,9
2019-12-28,47,45,9,31,51,10
2019-12-25,4,20,45,35,11,8
2019-12-21,29,4,51,40,17,8
2019-12-18,4,1,18,30,17,1
2019-12-14,7,51,33,37,8,8
2019-12-11,41,29,51,34,23,8
2019-12-07,49,8,16,22,28,3
2019-12-04,34,51,47,45,38,10
2019-11-30,39,2,13,49,22,3
2019-11-27,44,27,16,25,33,6
2019-11-23,4,43,18,5,46,4
2019-11-20,1,29,47,4,46,10
2019-11-16,15,26,5,46,48,1
2019-11-13,49,23,18,24,30,4
2019-11-09,2,27,32,37,39,2
2019-11-06,12,2,27,15,44,6
2019-11-02,40,10,50,1,31,5
2019-10-30,32,44,3,28,6,2
2019-10-26,39,50,23,34,24,1
2019-10-23,9,34,25,10,15,10
2019-10-19,27,11,31,40,3,10
2019-10-16,33,9,5,15,1,5
2019-10-12,44,25,1,20,17,9
2019-10-09,46,9,6,13,23,7
2019-10-05,3,1,25,32,21,8
2019-10-02,23,43,49,34,16,10
2019-09-28,47,39,23,44,9,7
2019-09-25,49,40,24,10,42,9
2019-09-21,27,15,33,12,9,5
2019-09-18,10,44,52,41,51,6
2019-09-14,7,16,37,9,43,5
2019-09-11,36,30,34,29,12,10
2019-09-07,3,7,34,22,10,1
2019-09-04,35,25,37,45,13,5
2019-08-31,45,14,46,21,15,6
2019-08-28,15,52,11,10,46,3
2019-08-24,44,5,6,42,41,8
2019-08-21,25,31,9,34,37,9
2019-08-17,39,20,22,52,14,2
2019-08-14,35,21,15,45,52,2
2019-08-10,46,26,43,15,3,2
2019-08-07,44,51,6,50,25,4
2019-08-03,18,41,8,27,43,10
2019-07-31,41,21,4,13,46,1
2019-07-27,32,11,47,41,12,5
2019-07-24,28,34,33,26,42,10
2019-07-20,25,9,8,5,38,8
2019-07-17,19,44,7,4,17,7
2019-07-13,25,25,37,37,15,6
2019-07-10,16,32,36,42,22,8
2019-07-06,22,43,52,20,47,3
2019-07-03,7,36,12,48,19,2
2019-06-29,42,40,30,4,48,10
2019-06-26,14,36,10,33,3,8
2019-06-22,44,7,49,19,35,2
2019-06-19,17,25,6,8,44,8
2019-06-15,12,24,23,31,4,5
2019-06-12,15,4,12,49,38,7
2019-06-08,37,38,24,14,48,10
2019-06-05,2,9,46,29,38,10
2019-06-01,23,36,11,32,5,10
2019-05-29,7,27,5,48,45,1
2019-05-25,28,16,45,4,51,8
2019-05-22,1,8,35,11,2,1
2019-05-18,2,40,22,28,26,7
2019-05-15,23,35,4,44,19,4
2019-05-11,49,37,47,35,30,3
2019-05-08,34,25,17,19,14,4
2019-05-04,17,19,6,48,5,10
2019-05-01,33,46,7,9,47,3
2019-04-27,47,44,1,11,52,7
2019-04-24,26,15,46,14,3,4
2019-04-20,27,32,36,2,50,8
2019-04-17,24,34,51,17,2,4
2019-04-13,21,27,31,37,23,9
2019-04-10,1,16,24,14,50,2
2019-04-06,45,34,28,32,12,1
2019-04-03,8,28,35,41,19,8
2019-03-30,30,25,9,17,27,2
2019-03-27,48,28,5,36,20,5
2019-03-23,46,40,30,45,42,2
2019-03-20,38,42,22,21,4,9
2019-03-16,32,29,30,49,47,5
2019-03-13,42,18,48,52,44,8
2019-03-09,30,5,34,7,36,4
2019-03-06,25,45,34,17,12,6
2019-03-02,49,26,10,2,15,8
2019-02-27,43,52,35,33,27,1
2019-02-23,48,6,25,10,21,2
2019-02-20,15,12,16,46,21,7
2019-02-16,47,27,16,51,32,6
2019-02-13,6,18,45,26,5,3
2019-02-09,47,6,38,25,50,2
2019-02-06,1,47,15,41,35,9
2019-02-02,16,52,28,15,46,9
2019-01-30,6,23,10,38,41,7
2019-01-26,23,4,31,35,11,9
2019-01-23,47,1,34,27,4,1
2019-01-19,29,24,51,49,46,8
2019-01-16,3,42,21,51,45,5
2019-01-12,19,17,14,32,52,7
2019-01-09,44,13,35,50,19,1
2019-01-05,50,32,1,19,29,9
2019-01-02,18,19,10,6,41,6
2018-12-29,25,33,50,49,26,7
2018-12-26,18,10,5,51,19,2
2018-12-22,44,41,1,16,20,6
2018-12-19,13,12,10,52,34,9
2018-12-15,16,48,36,35,18,2
2018-12-12,3,22,2,49,13,9
2018-12-08,19,41,24,31,8,9
2018-12-05,48,9,40,33,15,9
2018-12-01,40,34,45,1,30,5
2018-11-28,22,12,2,10,7,2
2018-11-24,1,11,17,10,28,1
2018-11-21,25,25,39,39,3,3
2018-11-17,11,4,6,43,52,6
2018-11-14,21,28,30,45,14,4
2018-11-10,17,10,21,26,45,4
2018-11-07,26,30,36,42,19,9
2018-11-03,40,33,11,51,47,2
2018-10-31,31,18,19,48,32,2
2018-10-27,17,22,47,24,50,7
2018-10-24,11,4,12,19,34,8
2018-10-20,22,25,18,32,10,4
2018-10-17,3,8,15,21,37,5
2018-10-13,40,34,42,41,36,7
2018-10-10,37,22,19,35,49,9
2018-10-06,14,46,27,10,49,1
2018-10-03,31,1,40,36,14,6
2018-09-29,9,6,33,28,1,2
2018-09-26,16,42,22,28,35,9
2018-09-22,7,43,38,1,47,10
2018-09-19,25,12,13,40,33,8
2018-09-15,22,47,33,50,46,3
2018-09-12,1,23,24,51,42,6
2018-09-08,4,34,50,52,11,8
2018-09-05,26,30,20,41,13,9
2018-09-01,8,31,14,39,1,10
2018-08-29,10,17,20,26,52,10
2018-08-25,45,30,9,10,49,8
2018-08-22,20,51,25,26,22,7
2018-08-18,47,13,39,18,52,2
2018-08-15,29,36,32,9,6,10
2018-08-11,36,17,8,32,6,4
2018-08-08,31,37,20,3,28,1
2018-08-04,52,45,15,26,16,1
2018-08-01,25,8,3,50,24,5
2018-07-28,38,39,2,51,13,10
2018-07-25,8,6,35,13,20,4
2018-07-21,42,45,17,31,50,6
2018-07-18,32,8,11,1,5,6
2018-07-14,51,9,31,37,6,3
2018-07-11,22,24,9,38,31,1
2018-07-07,3,38,13,6,40,7
2018-07-04,4,16,12,22,44,3
2018-06-30,27,35,24,20,42,9
2018-06-27,17,50,21,24,37,7
2018-06-23,2,30,17,22,37,8
2018-06-20,52,10,11,13,3,5
2018-06-16,19,6,33,17,15,5
2018-06-13,21,17,35,42,3,10
2018-06-09,5,36,10,15,19,8
2018-06-06,19,39,31,51,28,4
2018-06-02,50,44,14,5,13,2
2018-05-30,36,35,32,23,34,3
2018-05-26,31,39,30,23,38,10
2018-05-23,41,11,24,42,7,9
2018-05-19,17,8,31,25,4,10
2018-05-16,38,25,24,50,29,9
2018-05-12,21,10,33,9,8,7
2018-05-09,36,28,45,2,10,2
2018-05-05,15,32,45,18,8,1
2018-05-02,31,30,8,19,18,2
2018-04-28,27,29,26,40,34,10
2018-04-25,35,22,7,47,27,4
2018-04-21,46,10,12,16,25,6
2018-04-18,47,11,30,27,8,9
2018-04-14,27,40,46,25,22,8
2018-04-11,7,33,29,20,52,1
2018-04-07,37,13,50,2,10,2
2018-04-04,39,15,26,16,18,4
2018-03-31,16,22,28,30,34,2
2018-03-28,7,24,40,46,51,5
2018-03-24,10,28,37,38,49,5
2018-03-21,6,18,25,26,28,8
2018-03-17,2,12,15,18,19,6
2018-03-14,8,21,38,50,51,4
2018-03-10,23,24,41,43,44,3
2018-03-07,1,2,13,20,36,9
2018-03-03,6,21,30,32,45,7
2018-02-28,11,15,18,36,40,5
2018-02-24,14,23,35,50,52,2
2018-02-21,14,16,23,25,33,9
2018-02-17,40,41,47,49,51,10
2018-02-14,1,2,13,15,28,10
2018-02-10,28,42,43,44,52,7
2018-02-07,15,25,36,45,51,9
2018-02-03,1,4,41,44,45,1
2018-01-31,11,14,22,27,38,3
2018-01-27,31,34,45,49,52,4
2018-01-24,7,8,17,40,42,5
2018-01-20,15,23,40,43,45,7
2018-01-17,5,8,28,30,40,4
2018-01-13,1,12,32,33,47,5
2018-01-10,33,35,40,44,49,2
2018-01-06,9,13,26,38,48,7
2018-01-03,3,18,22,33,43,5
2017-12-30,4,7,10,14,17,9
2017-12-27,4,30,38,47,48,3
2017-12-23,2,32,37,39,51,5
2017-12-20,5,12,23,24,32,2
2017-12-16,5,16,27,34,44,5
2017-12-13,9,18,23,46,50,3
2017-12-09,2,5,7,22,25,2
2017-12-06,18,29,37,39,42,4
2017-12-02,22,28,45,47,51,6
2017-11-29,1,4,5,16,38,9
2017-11-25,1,7,16,25,26,8
2017-11-22,6,8,22,29,34,8
2017-11-18,4,25,26,41,47,6
2017-11-15,2,9,18,31,39,9
