Date,Num1,Num2,Num3,Num4,Num5,MegaBall
2026-06-26,5,13,30,33,52,6
2026-06-23,48,51,60,63,66,20
2026-06-19,13,16,21,26,50,12
2026-06-16,12,20,53,67,70,12
2026-06-12,9,17,24,39,51,3
2026-06-09,9,30,36,38,40,3
2026-06-05,13,30,50,52,66,2
2026-06-02,15,26,43,48,60,12
2026-05-29,19,24,47,59,65,7
2026-05-26,1,5,49,51,59,7
2026-05-22,3,22,34,54,61,8
2026-05-19,10,26,34,56,64,6
2026-05-15,17,23,25,52,61,3
2026-05-12,17,32,35,40,47,17
2026-05-08,37,47,49,51,58,16
2026-05-05,12,22,50,51,55,10
2026-05-01,16,21,27,41,61,24
2026-04-28,14,36,41,47,66,15
2026-04-24,7,16,32,35,40,12
2026-04-21,1,36,43,56,58,7
2026-04-17,38,43,44,49,62,8
2026-04-14,17,21,24,57,69,12
2026-04-10,3,18,36,42,49,6
2026-04-07,5,15,22,33,37,2
2026-04-03,31,45,62,63,68,15
2026-03-31,18,35,45,60,65,17
2026-03-27,13,27,28,41,62,16
2026-03-24,4,13,52,53,69,10
2026-03-20,11,20,51,55,63,4
2026-03-17,4,11,18,38,50,24
2026-03-13,6,19,36,40,55,9
2026-03-10,16,21,30,35,65,7
2026-03-06,8,19,26,38,42,24
2026-03-03,7,21,53,54,62,16
2026-02-27,11,18,39,43,67,23
2026-02-24,12,39,43,49,55,23
2026-02-20,15,40,48,58,63,2
2026-02-17,3,37,44,52,63,14
2026-02-13,34,40,49,59,68,1
2026-02-10,5,25,30,36,68,6
2026-02-06,13,21,25,52,62,19
2026-02-03,5,11,22,25,69,21
2026-01-30,11,34,36,43,63,13
2026-01-27,4,20,38,56,66,5
2026-01-23,30,42,49,53,66,4
2026-01-20,8,47,50,56,70,12
2026-01-16,2,22,33,42,67,1
2026-01-13,16,40,56,64,66,4
2026-01-09,12,30,36,42,47,16
2026-01-06,9,39,47,58,68,24
2026-01-02,6,13,34,43,52,4
2025-12-30,18,43,49,63,69,6
2025-12-26,9,19,31,63,64,7
2025-12-23,15,37,38,41,64,21
2025-12-19,1,11,27,39,59,18
2025-12-16,20,24,46,59,65,7
2025-12-12,10,50,55,58,59,5
2025-12-09,19,32,41,49,66,6
2025-12-05,34,38,42,44,69,8
2025-12-02,17,25,26,53,60,16
2025-11-28,6,7,13,39,48,4
2025-11-25,11,15,31,32,59,18
2025-11-21,3,4,19,31,63,9
2025-11-18,5,10,23,27,30,10
2025-11-14,1,8,11,12,57,7
2025-11-11,10,13,40,42,46,1
2025-11-07,16,21,23,48,70,5
2025-11-04,11,14,17,50,57,6
2025-10-31,2,24,52,66,68,9
2025-10-28,2,19,33,53,61,14
2025-10-24,11,18,31,51,56,24
2025-10-21,2,18,27,34,59,18
2025-10-17,9,21,27,48,56,10
2025-10-14,12,22,49,57,58,19
2025-10-10,3,18,23,32,56,8
2025-10-07,17,26,33,45,56,19
2025-10-03,18,19,38,54,57,19
2025-09-30,4,8,27,37,63,14
2025-09-26,4,21,27,33,49,21
2025-09-23,13,24,41,42,70,18
2025-09-19,2,22,27,42,58,8
2025-09-16,10,14,34,40,43,5
2025-09-12,17,18,21,42,64,7
2025-09-09,6,43,52,64,65,22
2025-09-05,6,14,36,58,62,24
2025-09-02,7,17,35,40,64,23
2025-08-29,13,31,32,44,45,21
2025-08-26,7,12,30,40,69,17
2025-08-22,18,30,44,48,50,12
2025-08-19,10,19,24,49,68,10
2025-08-15,4,17,27,34,69,16
2025-08-12,1,8,31,56,67,23
2025-08-08,2,6,8,14,49,12
2025-08-05,12,27,42,59,65,2
2025-08-01,18,27,29,33,70,22
2025-07-29,17,30,34,63,67,11
2025-07-25,14,21,25,49,52,7
2025-07-22,22,41,42,59,69,17
2025-07-18,11,43,54,55,63,3
2025-07-15,6,10,24,35,43,1
2025-07-11,12,23,24,31,56,1
2025-07-08,4,6,38,44,62,24
2025-07-04,17,20,24,41,42,24
2025-07-01,19,28,31,39,54,5
2025-06-27,18,21,29,42,50,2
2025-06-24,10,11,18,24,60,20
2025-06-20,26,49,58,61,63,9
2025-06-17,16,23,39,46,55,12
2025-06-13,8,10,22,40,47,1
2025-06-10,10,11,14,38,45,24
2025-06-06,16,40,54,56,57,3
2025-06-03,16,24,29,36,45,13
2025-05-30,2,28,37,38,58,13
2025-05-27,6,28,34,48,62,9
2025-05-23,7,18,40,55,68,18
2025-05-20,18,30,33,55,64,11
2025-05-16,2,22,42,62,66,14
2025-05-13,6,29,33,47,68,20
2025-05-09,9,10,12,48,60,16
2025-05-06,16,17,43,46,58,16
2025-05-02,14,37,40,41,68,2
2025-04-29,16,33,40,51,57,10
2025-04-25,38,40,60,62,70,9
2025-04-22,25,39,49,52,65,22
2025-04-18,5,13,15,17,28,1
2025-04-15,6,10,13,24,63,2
2025-04-11,15,37,38,56,58,19
2025-04-08,10,16,50,60,61,17
2025-04-04,11,28,35,37,69,25
2025-04-01,11,12,21,29,49,3
2025-03-28,2,9,31,60,63,23
2025-03-25,1,5,17,39,62,8
2025-03-21,15,22,31,52,57,2
2025-03-18,27,28,31,32,33,24
2025-03-14,3,70,39,42,17,1
2025-03-11,69,26,38,1,19,15
2025-03-07,8,20,58,48,60,7
2025-03-04,70,47,19,14,52,6
2025-02-28,9,30,19,35,66,16
2025-02-25,52,32,4,8,11,13
2025-02-21,46,13,37,28,1,10
2025-02-18,1,61,20,58,25,22
2025-02-14,19,49,11,31,56,16
2025-02-11,70,7,41,30,39,13
2025-02-07,4,32,55,24,41,16
2025-02-04,53,31,24,14,54,1
2025-01-31,28,56,9,48,63,2
2025-01-28,10,31,19,56,47,6
2025-01-24,52,8,12,43,62,18
2025-01-21,65,27,30,64,56,22
2025-01-17,8,10,37,54,69,22
2025-01-14,14,4,62,49,35,6
2025-01-10,65,23,39,9,66,22
2025-01-07,24,39,48,33,20,18
2025-01-03,20,46,59,42,69,19
2024-12-31,35,22,13,29,27,1
2024-12-27,55,7,3,37,49,6
2024-12-24,38,45,14,46,11,3
2024-12-20,51,2,67,56,20,19
2024-12-17,68,67,56,69,66,18
2024-12-13,36,43,58,52,65,16
2024-12-10,12,48,26,52,14,21
2024-12-06,45,39,21,33,16,24
2024-12-03,52,66,61,67,60,23
2024-11-29,34,3,37,38,29,17
2024-11-26,24,39,5,42,22,3
2024-11-22,20,65,13,32,26,2
2024-11-19,35,59,50,51,5,8
2024-11-15,5,17,55,35,69,19
2024-11-12,64,33,31,68,18,17
2024-11-08,25,42,64,69,28,19
2024-11-05,2,24,58,52,25,9
2024-11-01,11,22,51,46,42,4
2024-10-29,56,26,36,16,22,1
2024-10-25,23,26,43,35,41,7
2024-10-22,48,8,43,60,58,4
2024-10-18,58,39,26,9,4,23
2024-10-15,44,34,22,54,62,3
2024-10-11,52,29,10,3,57,20
2024-10-08,20,66,3,22,19,9
2024-10-04,45,21,43,39,42,3
2024-10-01,47,50,35,66,27,25
2024-09-27,53,70,69,29,46,23
2024-09-24,10,23,1,27,6,18
2024-09-20,21,55,40,49,20,11
2024-09-17,14,31,64,57,48,9
2024-09-13,66,57,56,55,21,1
2024-09-10,16,1,66,2,24,6
2024-09-06,41,59,6,63,23,25
2024-09-03,41,12,43,52,55,9
2024-08-30,20,54,10,17,24,8
2024-08-27,18,65,21,54,16,5
2024-08-23,69,66,28,44,30,2
2024-08-20,51,20,26,49,5,24
2024-08-16,51,61,38,48,22,5
2024-08-13,70,34,55,65,59,12
2024-08-09,12,38,32,57,40,21
2024-08-06,23,70,36,29,61,22
2024-08-02,44,6,54,24,7,13
2024-07-30,23,19,30,33,50,25
2024-07-26,65,58,14,2,33,3
2024-07-23,26,9,14,3,51,21
2024-07-19,10,17,23,50,67,3
2024-07-16,5,58,66,42,35,22
2024-07-12,35,48,53,15,68,8
2024-07-09,64,26,54,60,21,3
2024-07-05,32,54,6,15,67,4
2024-07-02,19,31,45,8,4,11
2024-06-28,66,28,33,31,42,24
2024-06-25,27,16,3,47,62,8
2024-06-21,3,40,27,18,44,19
2024-06-18,50,22,67,21,55,20
2024-06-14,31,1,65,25,26,2
2024-06-11,24,22,1,7,5,8
2024-06-07,5,22,3,12,66,7
2024-06-04,69,63,37,19,40,17
2024-05-31,33,4,49,11,23,23
2024-05-28,12,18,62,48,57,4
2024-05-24,54,56,67,70,46,16
2024-05-21,8,2,5,28,69,14
2024-05-17,8,60,70,17,40,3
2024-05-14,13,62,19,43,64,6
2024-05-10,32,26,13,22,65,18
2024-05-07,63,28,36,66,26,15
2024-05-03,13,53,15,56,6,11
2024-04-30,27,18,61,37,10,5
2024-04-26,15,53,57,23,61,9
2024-04-23,43,39,11,17,33,14
2024-04-19,46,34,30,19,58,3
2024-04-16,59,36,44,21,26,2
2024-04-12,18,14,12,1,66,16
2024-04-09,43,69,52,51,34,25
2024-04-05,30,54,63,65,20,14
2024-04-02,60,50,10,66,56,19
2024-03-29,30,60,11,33,38,16
2024-03-26,11,22,7,29,38,4
2024-03-22,3,8,44,31,35,16
2024-03-19,62,66,49,46,24,7
2024-03-15,50,13,66,51,25,6
2024-03-12,57,31,16,64,2,24
2024-03-08,19,22,20,58,47,1
2024-03-05,49,2,50,70,61,14
2024-03-01,61,33,15,37,55,24
2024-02-27,49,6,27,18,26,4
2024-02-23,4,60,41,6,40,11
2024-02-20,5,58,55,68,45,7
2024-02-16,23,39,42,19,67,18
2024-02-13,19,25,1,3,58,20
2024-02-09,17,69,46,29,22,1
2024-02-06,31,2,57,44,10,10
2024-02-02,42,22,64,69,11,18
2024-01-30,59,16,5,3,58,11
2024-01-26,50,34,31,14,61,13
2024-01-23,21,28,70,69,58,20
2024-01-19,1,9,16,17,30,17
2024-01-16,54,42,2,49,10,13
2024-01-12,67,35,19,45,34,7
2024-01-09,12,53,32,15,33,24
2024-01-05,38,44,5,26,23,25
2024-01-02,3,64,18,27,29,1
2023-12-29,11,70,30,62,27,10
2023-12-26,10,22,64,8,58,21
2023-12-22,26,54,36,69,10,4
2023-12-19,58,61,50,17,26,11
2023-12-15,40,28,10,54,20,12
2023-12-12,53,45,8,44,23,3
2023-12-08,21,70,53,66,26,13
2023-12-05,35,40,18,67,64,18
2023-12-01,47,52,12,49,65,12
2023-11-28,61,27,42,59,37,11
2023-11-24,59,68,15,6,45,1
2023-11-21,38,30,17,22,25,24
2023-11-17,33,12,69,31,6,17
2023-11-14,35,59,61,29,69,22
2023-11-10,68,33,59,70,13,8
2023-11-07,33,42,52,3,11,20
2023-11-03,65,47,38,15,32,12
2023-10-31,37,35,55,70,14,15
2023-10-27,57,70,43,11,32,6
2023-10-24,54,59,20,16,30,7
2023-10-20,49,7,29,36,61,22
2023-10-17,6,29,32,5,61,20
2023-10-13,18,68,46,44,6,18
2023-10-10,46,63,8,17,3,7
2023-10-06,57,12,24,46,66,22
2023-10-03,3,19,39,32,59,24
2023-09-29,40,64,47,18,55,11
2023-09-26,15,35,60,42,30,16
2023-09-22,66,14,13,57,10,3
2023-09-19,66,29,13,6,9,24
2023-09-15,5,13,50,53,29,25
2023-09-12,42,21,67,2,14,18
2023-09-08,12,17,62,3,51,1
2023-09-05,65,43,3,51,50,13
2023-09-01,42,43,55,31,10,8
2023-08-29,39,9,52,63,61,25
2023-08-25,12,31,38,23,26,2
2023-08-22,50,12,36,26,1,7
2023-08-18,10,20,29,44,66,11
2023-08-15,57,39,42,63,18,7
2023-08-11,8,18,9,41,35,18
2023-08-08,32,19,13,33,20,14
2023-08-04,45,30,52,56,11,20
2023-08-01,8,24,61,45,30,12
2023-07-28,52,28,5,63,10,18
2023-07-25,44,6,61,3,5,25
2023-07-21,57,47,50,29,40,25
2023-07-18,37,31,22,54,19,18
2023-07-14,10,51,24,66,48,15
2023-07-11,51,33,10,64,17,5
2023-07-07,55,66,8,10,17,3
2023-07-04,54,33,67,21,61,12
2023-06-30,51,47,22,13,55,9
2023-06-27,52,34,41,8,35,12
2023-06-23,13,65,62,69,67,14
2023-06-20,46,37,39,6,45,21
2023-06-16,45,34,4,57,24,19
2023-06-13,44,47,19,10,8,4
2023-06-09,68,19,53,3,60,13
2023-06-06,29,57,23,6,12,4
2023-06-02,36,60,16,3,19,25
2023-05-30,64,16,13,68,40,21
2023-05-26,12,64,41,20,37,1
2023-05-23,10,66,22,3,65,19
2023-05-19,55,41,11,5,44,14
2023-05-16,36,70,69,34,15,17
2023-05-12,2,23,40,45,1,15
2023-05-09,46,48,4,37,51,19
2023-05-05,42,16,18,28,43,11
2023-05-02,32,3,16,41,15,9
2023-04-28,38,53,18,62,64,20
2023-04-25,47,48,46,29,8,12
2023-04-21,3,29,46,63,21,9
2023-04-18,19,25,15,7,9,4
2023-04-14,27,48,23,51,41,22
2023-04-11,53,54,31,55,35,24
2023-04-07,51,66,49,12,32,21
2023-04-04,1,45,62,37,64,4
2023-03-31,26,16,27,42,61,23
2023-03-28,18,3,68,2,32,24
2023-03-24,17,14,42,33,66,15
2023-03-21,21,40,25,1,27,11
2023-03-17,39,26,49,29,28,25
2023-03-14,55,1,38,23,7,2
2023-03-10,60,9,20,59,63,5
2023-03-07,15,69,28,25,22,21
2023-03-03,39,8,67,36,25,11
2023-02-28,59,52,40,14,16,13
2023-02-24,22,49,2,65,67,7
2023-02-21,36,63,30,15,2,24
2023-02-17,57,38,33,70,2,13
2023-02-14,24,35,23,40,43,1
2023-02-10,20,29,58,30,52,19
2023-02-07,9,15,57,55,46,4
2023-02-03,50,1,4,54,59,17
2023-01-31,9,18,39,29,7,13
2023-01-27,46,4,47,43,61,22
2023-01-24,62,33,50,41,47,20
2023-01-20,66,29,31,64,20,17
2023-01-17,39,2,24,12,18,18
2023-01-13,61,30,45,46,43,14
2023-01-10,15,13,7,18,14,9
2023-01-06,20,63,46,59,3,13
2023-01-03,41,33,25,44,29,18
2022-12-30,3,1,6,44,51,7
2022-12-27,59,61,9,36,13,11
2022-12-23,38,21,62,32,15,8
2022-12-20,3,33,36,52,4,17
2022-12-16,40,56,35,8,53,11
2022-12-13,48,58,14,68,22,6
2022-12-09,61,19,8,53,69,19
2022-12-06,28,19,16,15,47,13
2022-12-02,52,46,21,1,36,16
2022-11-29,52,46,20,37,23,6
2022-11-25,31,46,54,29,67,18
2022-11-22,23,43,13,24,25,2
2022-11-18,2,38,14,16,66,9
2022-11-15,6,28,46,19,61,18
2022-11-11,17,5,70,37,1,22
2022-11-08,13,29,5,38,59,23
2022-11-04,20,55,59,2,47,19
2022-11-01,9,17,15,5,16,25
2022-10-28,18,53,31,4,69,7
2022-10-25,66,21,45,30,35,21
2022-10-21,43,36,45,68,34,22
2022-10-18,15,20,44,67,1,23
2022-10-14,41,22,26,9,44,19
2022-10-11,3,11,13,38,7,1
2022-10-07,29,55,11,36,6,21
2022-10-04,18,33,15,25,38,25
2022-09-30,51,40,16,26,37,6
2022-09-27,51,8,43,24,14,9
2022-09-23,5,53,58,50,64,22
2022-09-20,30,9,52,28,21,10
2022-09-16,35,66,30,15,38,12
2022-09-13,64,59,25,38,14,21
2022-09-09,69,21,54,16,55,22
2022-09-06,6,68,17,59,46,2
2022-09-02,40,60,52,67,39,20
2022-08-30,38,65,2,55,57,17
2022-08-26,6,30,27,64,38,23
2022-08-23,48,47,67,3,5,7
2022-08-19,12,65,18,24,46,3
2022-08-16,35,33,45,51,41,1
2022-08-12,54,64,24,50,23,3
2022-08-09,10,8,25,1,32,13
2022-08-05,5,69,2,64,29,18
2022-08-02,37,10,14,25,63,14
2022-07-29,67,45,57,36,13,14
2022-07-26,29,63,66,7,60,15
2022-07-22,60,66,14,40,64,16
2022-07-19,37,32,31,2,70,25
2022-07-15,20,8,26,64,53,15
2022-07-12,45,7,4,10,64,12
2022-07-08,20,62,69,61,36,20
2022-07-05,50,61,51,31,27,21
2022-07-01,62,29,27,38,1,12
2022-06-28,21,55,7,43,12,11
2022-06-24,1,25,7,56,11,14
2022-06-21,13,42,18,8,32,20
2022-06-17,36,69,56,53,20,16
2022-06-14,37,42,30,58,38,22
2022-06-10,3,32,18,14,12,4
2022-06-07,41,34,4,53,40,3
2022-06-03,16,11,22,48,59,11
2022-05-31,15,63,64,6,41,24
2022-05-27,53,40,3,54,14,8
2022-05-24,3,5,63,6,68,25
2022-05-20,40,33,60,69,59,22
2022-05-17,41,24,21,7,65,24
2022-05-13,11,44,65,43,41,13
2022-05-10,15,19,70,61,20,9
2022-05-06,16,52,21,33,70,10
2022-05-03,57,27,35,19,15,17
2022-04-29,49,34,66,9,11,15
2022-04-26,19,5,69,46,7,2
2022-04-22,28,29,7,59,58,10
2022-04-19,47,53,9,2,33,24
2022-04-15,46,17,64,20,4,23
2022-04-12,8,2,20,31,14,17
2022-04-08,40,32,29,8,11,2
2022-04-05,43,64,60,22,63,18
2022-04-01,63,26,47,48,42,21
2022-03-29,7,22,45,47,36,12
2022-03-25,58,51,3,42,13,17
2022-03-22,61,8,27,21,15,8
2022-03-18,45,40,2,25,6,5
2022-03-15,14,9,59,28,60,24
2022-03-11,66,44,39,24,28,25
2022-03-08,18,7,64,38,58,24
2022-03-04,47,28,46,11,19,5
2022-03-01,50,38,39,22,18,18
2022-02-25,66,31,56,15,40,4
2022-02-22,57,62,6,17,22,3
2022-02-18,63,68,11,50,6,17
2022-02-15,63,15,2,21,4,19
2022-02-11,30,24,11,23,16,24
2022-02-08,17,52,20,54,1,2
2022-02-04,61,7,34,16,44,24
2022-02-01,62,24,66,11,38,1
2022-01-28,25,44,55,16,3,13
2022-01-25,12,58,53,3,38,13
2022-01-21,67,38,46,45,55,18
2022-01-18,4,52,42,39,19,9
2022-01-14,48,8,13,5,22,25
2022-01-11,3,2,52,58,19,16
2022-01-07,7,56,29,43,57,6
2022-01-04,22,21,4,16,6,1
2021-12-31,5,30,61,46,2,8
2021-12-28,31,8,3,5,38,4
2021-12-24,17,37,36,25,16,16
2021-12-21,25,64,58,31,67,24
2021-12-17,48,38,62,21,32,10
2021-12-14,55,35,69,44,33,20
2021-12-10,23,40,25,60,42,8
2021-12-07,68,1,40,43,7,1
2021-12-03,22,45,58,61,48,13
2021-11-30,39,26,8,7,30,17
2021-11-26,27,37,59,42,7,2
2021-11-23,58,7,24,57,54,6
2021-11-19,23,52,53,5,59,18
2021-11-16,53,65,44,22,6,3
2021-11-12,46,30,48,32,42,15
2021-11-09,14,26,49,9,16,14
2021-11-05,68,20,10,15,66,18
2021-11-02,10,65,26,5,58,9
2021-10-29,35,15,26,28,45,4
2021-10-26,14,56,6,19,62,9
2021-10-22,66,14,9,29,26,22
2021-10-19,52,13,3,19,12,1
2021-10-15,20,34,3,31,65,18
2021-10-12,56,26,65,21,61,4
2021-10-08,70,36,24,21,40,22
2021-10-05,36,18,7,30,11,4
2021-10-01,36,25,21,62,63,6
2021-09-28,30,18,43,69,68,22
2021-09-24,17,43,56,27,21,15
2021-09-21,36,51,45,56,41,13
2021-09-17,40,61,59,17,32,18
2021-09-14,13,4,63,64,19,16
2021-09-10,47,20,64,32,35,18
2021-09-07,53,15,25,32,17,12
2021-09-03,7,10,65,61,12,3
2021-08-31,31,14,58,8,68,15
2021-08-27,1,10,47,44,56,23
2021-08-24,67,26,17,52,18,19
2021-08-20,57,70,51,41,43,1
2021-08-17,56,6,16,38,3,24
2021-08-13,17,53,40,21,35,11
2021-08-10,50,45,59,62,29,12
2021-08-06,18,46,40,69,9,9
2021-08-03,9,34,17,1,27,24
2021-07-30,26,52,19,68,31,10
2021-07-27,35,36,64,54,2,11
2021-07-23,17,19,40,69,13,17
2021-07-20,52,57,10,30,26,10
2021-07-16,57,52,47,24,25,24
2021-07-13,55,17,3,10,26,24
2021-07-09,46,41,39,6,37,17
2021-07-06,68,63,47,18,69,14
2021-07-02,31,45,34,32,8,19
2021-06-29,7,38,69,52,50,21
2021-06-25,20,65,17,42,45,12
2021-06-22,59,51,26,1,48,25
2021-06-18,44,46,53,14,36,18
2021-06-15,22,52,27,18,38,11
2021-06-11,4,68,63,56,43,13
2021-06-08,54,41,9,39,22,19
2021-06-04,34,4,64,30,41,8
2021-06-01,63,7,33,58,11,23
2021-05-28,47,14,10,70,20,15
2021-05-25,31,54,34,21,14,11
2021-05-21,18,6,17,9,48,8
2021-05-18,3,66,61,56,5,4
2021-05-14,41,18,3,68,44,3
2021-05-11,20,8,7,39,36,22
2021-05-07,5,21,10,19,50,10
2021-05-04,4,63,32,57,27,22
2021-04-30,48,49,26,8,19,5
2021-04-27,41,42,15,30,22,25
2021-04-23,29,4,28,30,60,25
2021-04-20,43,52,49,23,6,5
2021-04-16,55,27,50,28,17,25
2021-04-13,15,10,68,19,45,9
2021-04-09,58,27,66,26,22,12
2021-04-06,19,20,32,42,1,17
2021-04-02,42,53,48,10,62,19
2021-03-30,11,53,47,56,37,15
2021-03-26,67,46,4,37,25,15
2021-03-23,55,23,35,12,38,11
2021-03-19,40,69,58,14,9,8
2021-03-16,69,46,52,41,10,8
2021-03-12,31,2,65,24,25,18
2021-03-09,33,65,58,4,46,13
2021-03-05,54,10,11,27,17,20
2021-03-02,8,34,4,64,13,18
2021-02-26,37,11,15,64,62,5
2021-02-23,9,57,7,20,5,15
2021-02-19,27,53,47,50,32,4
2021-02-16,1,44,66,54,36,10
2021-02-12,25,27,24,5,14,14
2021-02-09,18,21,40,7,31,9
2021-02-05,29,14,17,28,44,2
2021-02-02,67,38,37,40,13,10
2021-01-29,58,59,70,44,4,3
2021-01-26,49,29,67,56,66,24
2021-01-22,42,26,60,50,4,24
2021-01-19,10,19,26,50,28,16
2021-01-15,12,43,11,3,38,15
2021-01-12,28,12,14,26,33,9
2021-01-08,18,3,58,16,6,11
2021-01-05,43,20,51,57,55,4
2021-01-01,24,68,69,53,8,7
2020-12-29,62,31,35,48,1,19
2020-12-25,69,36,70,23,17,19
2020-12-22,67,29,56,53,59,21
2020-12-18,51,15,25,7,60,5
2020-12-15,18,10,46,1,20,15
2020-12-11,31,67,19,37,55,25
2020-12-08,15,68,39,33,19,25
2020-12-04,44,24,50,3,19,8
2020-12-01,33,53,7,65,61,14
2020-11-27,4,35,10,58,27,10
2020-11-24,9,34,61,15,64,6
2020-11-20,26,33,68,45,61,17
2020-11-17,8,13,68,46,35,16
2020-11-13,6,7,28,59,14,7
2020-11-10,53,45,58,62,23,13
2020-11-06,60,18,24,27,34,2
2020-11-03,45,44,7,31,55,19
2020-10-30,19,34,39,14,59,11
2020-10-27,34,13,46,6,62,1
2020-10-23,69,60,34,18,44,22
2020-10-20,46,54,58,57,66,10
2020-10-16,32,27,50,57,52,12
2020-10-13,46,44,45,11,70,25
2020-10-09,11,27,5,25,64,13
2020-10-06,59,18,15,16,39,17
2020-10-02,9,47,68,49,38,25
2020-09-29,44,14,67,39,43,19
2020-09-25,48,20,36,67,37,16
2020-09-22,36,55,43,44,68,12
2020-09-18,26,41,52,29,64,11
2020-09-15,59,28,25,38,62,22
2020-09-11,15,3,48,56,42,13
2020-09-08,15,31,57,10,7,21
2020-09-04,28,22,53,24,19,25
2020-09-01,15,38,25,47,26,22
2020-08-28,9,53,50,3,64,1
2020-08-25,8,57,17,10,15,12
2020-08-21,15,42,31,11,63,14
2020-08-18,27,4,58,18,26,23
2020-08-14,47,3,42,29,24,13
2020-08-11,22,56,43,29,8,9
2020-08-07,44,53,4,70,64,3
2020-08-04,42,30,2,62,22,20
2020-07-31,46,69,48,12,35,23
2020-07-28,27,20,34,17,31,19
2020-07-24,39,33,8,54,58,17
2020-07-21,41,14,25,26,43,15
2020-07-17,13,46,57,21,12,21
2020-07-14,26,55,56,6,64,22
2020-07-10,20,53,10,15,49,22
2020-07-07,30,16,43,20,25,18
2020-07-03,50,44,40,45,20,24
2020-06-30,53,37,29,9,16,11
2020-06-26,19,37,33,56,57,6
2020-06-23,20,48,6,37,40,15
2020-06-19,34,52,36,11,66,7
2020-06-16,21,35,23,42,33,6
2020-06-12,57,70,9,14,67,2
2020-06-09,5,1,9,10,23,22
2020-06-05,35,47,32,37,55,22
2020-06-02,9,23,26,20,29,8
2020-05-29,32,41,13,51,10,3
2020-05-26,58,59,34,52,62,4
2020-05-22,20,44,10,8,46,18
2020-05-19,36,19,8,66,25,9
2020-05-15,33,32,11,46,17,25
2020-05-12,27,52,7,44,16,5
2020-05-08,5,22,61,20,70,4
2020-05-05,7,17,13,21,45,14
2020-05-01,30,28,66,35,31,14
2020-04-28,53,13,63,54,19,17
2020-04-24,27,1,32,60,67,18
2020-04-21,24,15,67,13,70,17
2020-04-17,55,39,35,13,46,14
2020-04-14,29,70,47,69,65,7
2020-04-10,60,57,11,2,21,13
2020-04-07,68,25,33,51,43,20
2020-04-03,44,38,24,57,58,17
2020-03-31,51,70,57,17,8,2
2020-03-27,50,25,60,28,3,1
2020-03-24,31,16,2,8,18,14
2020-03-20,35,41,45,34,54,5
2020-03-17,27,28,58,59,20,25
2020-03-13,44,22,43,37,7,22
2020-03-10,54,17,6,69,48,12
2020-03-06,70,56,15,48,58,4
2020-03-03,12,8,33,56,64,2
2020-02-28,2,64,14,3,41,17
2020-02-25,49,2,43,9,63,15
2020-02-21,7,16,60,4,13,6
2020-02-18,70,61,6,12,39,4
2020-02-14,55,32,48,10,54,18
2020-02-11,32,64,6,4,52,6
2020-02-07,9,14,52,27,36,4
2020-02-04,51,50,64,48,32,10
2020-01-31,28,31,57,33,62,19
2020-01-28,17,47,36,51,62,21
2020-01-24,4,38,3,23,18,24
2020-01-21,29,16,31,37,18,8
2020-01-17,54,70,25,3,30,9
2020-01-14,13,11,47,9,31,11
2020-01-10,66,51,49,17,27,2
2020-01-07,25,56,52,40,41,21
2020-01-03,37,41,53,63,42,16
2019-12-31,49,44,56,53,30,11
2019-12-27,34,64,40,63,17,24
2019-12-24,63,66,37,48,27,11
2019-12-20,35,60,23,20,3,16
2019-12-17,55,56,30,53,22,16
2019-12-13,56,21,39,17,29,22
2019-12-10,61,46,54,18,31,25
2019-12-06,40,31,61,20,46,20
2019-12-03,60,23,43,63,69,19
2019-11-29,6,31,50,65,8,9
2019-11-26,38,29,43,8,27,13
2019-11-22,7,17,12,53,49,24
2019-11-19,47,43,22,44,66,22
2019-11-15,35,19,12,68,34,20
2019-11-12,19,65,56,30,44,24
2019-11-08,10,58,4,39,3,14
2019-11-05,9,24,49,2,54,19
2019-11-01,20,41,54,36,9,22
2019-10-29,9,27,4,39,17,22
2019-10-25,24,52,16,25,60,6
2019-10-22,14,25,23,5,11,10
2019-10-18,67,18,58,65,60,20
2019-10-15,14,4,35,12,70,2
2019-10-11,60,30,22,37,14,8
2019-10-08,10,48,8,5,17,23
2019-10-04,11,70,48,38,44,17
2019-10-01,39,59,42,17,10,3
2019-09-27,43,12,20,45,31,20
2019-09-24,46,6,42,14,24,9
2019-09-20,42,23,48,53,24,22
2019-09-17,50,12,15,30,65,1
2019-09-13,6,62,37,16,59,5
2019-09-10,50,47,48,55,34,24
2019-09-06,4,31,19,11,13,10
2019-09-03,61,13,62,27,20,5
2019-08-30,39,3,11,34,9,10
2019-08-27,8,39,43,12,23,6
2019-08-23,15,68,54,11,37,21
2019-08-20,25,14,51,8,63,4
2019-08-16,46,24,4,26,14,14
2019-08-13,51,7,34,31,27,5
2019-08-09,56,63,59,15,53,1
2019-08-06,43,31,17,55,11,16
2019-08-02,48,20,70,11,26,19
2019-07-30,33,38,10,24,28,6
2019-07-26,48,4,43,6,11,11
2019-07-23,4,23,40,1,45,11
2019-07-19,67,28,18,33,16,14
2019-07-16,8,16,31,48,52,23
2019-07-12,38,38,56,56,59,8
2019-07-09,12,48,64,26,40,1
2019-07-05,57,47,6,38,63,12
2019-07-02,25,37,40,55,3,13
2019-06-28,2,53,49,63,35,1
2019-06-25,24,61,47,45,33,17
2019-06-21,48,30,13,62,36,18
2019-06-18,14,22,12,48,24,21
2019-06-14,40,65,19,47,57,6
2019-06-11,34,20,39,57,43,13
2019-06-07,27,68,17,19,40,2
2019-06-04,46,25,48,68,37,25
2019-05-31,67,8,26,7,65,4
2019-05-28,50,9,42,21,34,21
2019-05-24,62,14,44,56,41,10
2019-05-21,58,55,10,50,56,15
2019-05-17,5,32,28,17,63,11
2019-05-14,67,68,11,59,66,18
2019-05-10,61,62,21,16,3,19
2019-05-07,54,3,63,6,34,19
2019-05-03,16,8,68,66,22,11
2019-04-30,37,41,70,24,61,20
2019-04-26,30,46,23,9,17,10
2019-04-23,7,67,30,48,24,9
2019-04-19,44,43,18,57,25,25
2019-04-16,11,34,29,54,48,10
2019-04-12,24,25,1,70,40,4
2019-04-09,22,11,58,34,44,9
2019-04-05,38,8,22,64,24,21
2019-04-02,64,47,59,58,33,25
2019-03-29,66,15,62,5,14,3
2019-03-26,4,14,22,43,58,9
2019-03-22,36,62,58,60,7,10
2019-03-19,67,10,42,68,53,15
2019-03-15,64,62,56,3,29,4
2019-03-12,16,57,12,49,10,18
2019-03-08,68,42,4,9,62,7
2019-03-05,15,32,20,52,37,6
2019-03-01,33,29,66,39,60,21
2019-02-26,10,12,60,24,14,20
2019-02-22,34,55,18,24,31,4
2019-02-19,65,24,56,34,17,3
2019-02-15,65,43,40,38,10,12
2019-02-12,15,39,65,50,32,7
2019-02-08,42,48,31,24,14,13
2019-02-05,36,66,3,34,59,7
2019-02-01,2,37,48,66,68,11
2019-01-29,10,54,53,33,62,22
2019-01-25,61,8,16,30,38,10
2019-01-22,4,15,37,64,59,16
2019-01-18,2,43,48,62,64,24
2019-01-15,60,58,29,52,62,7
2019-01-11,31,5,4,62,69,20
2019-01-08,13,38,26,29,64,5
2019-01-04,29,60,35,21,54,15
2019-01-01,57,70,34,62,44,14
2018-12-28,9,38,37,10,25,21
2018-12-25,8,42,50,43,2,6
2018-12-21,70,13,61,10,62,5
2018-12-18,69,32,13,60,22,9
2018-12-14,26,5,49,43,22,23
2018-12-11,59,38,4,54,39,12
2018-12-07,33,4,10,20,57,13
2018-12-04,28,41,50,31,42,4
2018-11-30,25,63,40,43,28,19
2018-11-27,24,42,57,37,12,18
2018-11-23,10,7,30,33,59,23
2018-11-20,16,31,66,10,42,10
2018-11-16,63,36,33,68,69,16
2018-11-13,65,69,46,57,34,11
2018-11-09,27,67,8,14,57,5
2018-11-06,28,34,56,69,37,12
2018-11-02,62,3,28,46,23,16
2018-10-30,20,49,39,31,46,23
2018-10-26,28,1,61,63,62,5
2018-10-23,28,70,5,62,65,5
2018-10-19,65,53,23,15,70,7
2018-10-16,69,45,61,3,49,9
2018-10-12,70,24,46,4,61,7
2018-10-09,54,22,39,20,60,18
2018-10-05,41,32,27,69,28,12
2018-10-02,2,29,34,31,22,1
2018-09-28,39,56,45,52,59,15
2018-09-25,48,32,8,61,16,12
2018-09-21,11,52,64,2,1,9
2018-09-18,43,32,31,63,68,17
2018-09-14,40,66,23,30,43,13
2018-09-11,62,51,15,30,67,19
2018-09-07,8,68,10,54,41,10
2018-09-04,2,25,44,35,7,3
2018-08-31,7,18,45,32,29,17
2018-08-28,33,34,20,3,41,20
2018-08-24,6,1,18,13,49,8
2018-08-21,57,38,19,14,16,11
2018-08-17,47,32,1,56,31,3
2018-08-14,44,26,11,45,46,11
2018-08-10,3,42,22,12,1,6
2018-08-07,13,21,62,2,15,2
2018-08-03,30,60,28,54,9,2
2018-07-31,35,64,15,69,12,9
2018-07-27,49,1,63,40,32,20
2018-07-24,19,2,4,1,29,20
2018-07-20,44,14,30,62,1,1
2018-07-17,61,40,66,67,41,12
2018-07-13,39,22,68,21,59,2
2018-07-10,28,56,70,1,17,14
2018-07-06,56,50,46,2,10,16
2018-07-03,68,13,45,35,49,23
2018-06-29,68,49,32,2,47,23
2018-06-26,39,25,60,29,17,19
2018-06-22,44,11,6,2,27,20
2018-06-19,13,28,11,70,65,14
2018-06-15,37,51,11,1,47,6
2018-06-12,70,3,5,1,8,3
2018-06-08,33,56,30,14,44,13
2018-06-05,48,52,33,41,22,4
2018-06-01,24,52,62,5,66,17
2018-05-29,58,2,67,11,55,2
2018-05-25,68,64,51,11,14,25
2018-05-22,36,16,21,17,48,9
2018-05-18,53,9,26,64,66,11
2018-05-15,44,49,21,61,34,21
2018-05-11,38,14,40,70,53,22
2018-05-08,64,67,39,8,15,13
2018-05-04,10,4,12,18,5,21
2018-05-01,55,70,2,20,7,1
2018-04-27,38,2,63,66,29,11
2018-04-24,48,32,3,19,31,10
2018-04-20,32,45,1,18,15,4
2018-04-17,47,44,34,65,12,22
2018-04-13,8,9,42,32,59,10
2018-04-10,43,31,5,13,53,20
2018-04-06,33,51,67,16,54,20
2018-04-03,4,29,39,42,62,14
2018-03-30,11,28,31,46,59,1
2018-03-27,7,25,43,56,59,13
2018-03-23,4,8,23,53,59,17
2018-03-20,14,38,51,64,70,9
2018-03-16,1,13,26,33,52,11
2018-03-13,6,30,58,60,61,17
2018-03-09,7,17,18,46,66,22
2018-03-06,1,4,26,35,39,22
2018-03-02,24,28,42,60,64,8
2018-02-27,10,17,21,38,43,23
2018-02-23,7,11,13,19,58,9
2018-02-20,17,19,23,24,43,14
2018-02-16,14,38,48,53,58,16
2018-02-13,5,12,15,46,49,1
2018-02-09,28,34,41,46,47,14
2018-02-06,14,17,25,48,58,25
2018-02-02,1,4,14,17,40,4
2018-01-30,29,41,42,49,57,24
2018-01-26,10,16,27,38,43,1
2018-01-23,2,6,30,31,55,7
2018-01-19,3,17,23,49,66,23
2018-01-16,3,11,23,29,59,18
2018-01-12,17,18,33,46,60,24
2018-01-09,16,29,31,65,67,23
2018-01-05,28,30,39,59,70,10
2018-01-02,1,42,47,64,70,22
2017-12-29,4,10,18,28,62,7
2017-12-26,10,12,20,38,41,25
2017-12-22,1,20,30,33,42,16
2017-12-19,28,37,39,42,58,2
2017-12-15,4,12,36,44,57,19
2017-12-12,8,23,24,25,27,9
2017-12-08,6,37,46,60,70,24
2017-12-05,14,15,37,42,67,22
2017-12-01,16,22,40,41,59,8
2017-11-28,10,17,47,51,61,5
2017-11-24,16,36,54,61,64,22
2017-11-21,3,7,22,27,50,3
2017-11-17,3,26,55,58,70,15
2017-11-14,1,14,21,22,28,19
2017-11-10,6,23,38,42,58,24
2017-11-07,1,54,60,68,69,11
2017-11-03,10,22,42,61,69,3
2017-10-31,6,28,31,52,53,12
2017-10-27,17,27,41,51,52,13
2017-10-24,20,24,34,56,64,6
2017-10-17,31,45,49,56,70,11
2017-10-13,2,7,18,26,31,12
2017-10-10,7,16,24,61,62,2
2017-10-06,21,33,36,45,56,12
2017-10-03,12,18,19,25,67,7
2017-09-22,5,39,54,63,66,15
2017-09-19,9,28,31,50,61,10
2017-09-15,18,24,34,38,58,3
2017-09-12,26,37,41,54,65,3
2017-09-01,4,13,31,50,64,12
2017-08-25,17,38,42,51,65,11
2017-08-22,24,35,46,50,51,7
2017-08-11,23,33,53,56,58,6
2017-07-28,4,6,31,49,52,11
2017-07-25,2,5,26,58,60,6
2017-07-07,2,9,11,28,60,10
2017-06-30,10,38,51,55,64,6
2017-06-27,4,21,45,52,57,14
2017-06-20,2,15,41,49,63,3
2017-06-16,18,22,26,30,44,9
2017-06-09,3,16,28,33,37,9
2017-05-30,5,20,32,37,67,5
2017-05-26,25,26,28,37,56,5
2017-05-23,6,13,17,33,60,14
2017-05-19,1,4,5,24,30,1
2017-05-12,28,34,41,42,47,13
2017-05-05,4,23,33,47,53,7
2017-05-02,5,14,42,43,58,1
2017-04-28,6,13,18,20,31,13
2017-04-25,3,13,33,40,50,2
2017-04-21,1,12,13,32,34,10
2017-04-18,8,29,30,43,64,6
2017-04-11,19,34,35,38,49,8
2017-04-07,30,33,43,47,69,15
2017-04-04,13,24,34,35,55,9
2017-03-31,17,24,27,32,58,10
2017-03-28,30,33,35,37,46,10
2017-03-24,5,28,37,61,69,1
2017-03-17,11,27,31,58,60,10
2017-03-14,16,23,28,33,59,13
2017-03-10,26,38,42,58,70,5
2017-03-07,3,30,45,53,68,11
2017-03-03,14,26,39,48,51,9
2017-02-28,20,33,45,58,69,4
2017-02-24,12,29,33,42,68,14
2017-02-14,7,11,33,60,68,15
2017-02-03,3,6,29,30,64,3
2017-01-27,17,37,53,54,61,8
2017-01-24,8,42,54,63,67,11
2017-01-20,7,9,24,41,53,14
2017-01-17,20,31,54,56,59,3
2017-01-10,11,20,40,41,59,15
2017-01-06,6,10,44,47,54,6
2017-01-03,14,16,23,49,53,12
2016-12-30,6,21,33,39,43,2
2016-12-27,2,28,30,38,39,11
2016-12-23,21,30,39,60,69,15
2016-12-20,1,12,14,48,65,2
2016-12-16,1,8,15,36,43,6
2016-12-13,2,15,26,34,41,14
2016-12-09,19,27,47,67,68,1
2016-12-06,13,34,48,53,63,12
2016-12-02,3,33,35,49,51,1
2016-11-29,22,33,49,51,59,8
2016-11-22,1,43,45,66,69,7
2016-11-18,31,32,49,55,58,15
2016-11-11,16,40,47,53,59,11
2016-11-04,10,29,32,44,46,10
2016-11-01,19,24,31,39,45,13
2016-10-28,7,38,46,57,66,2
2016-10-25,8,9,24,49,67,13
2016-10-21,12,43,44,48,66,3
2016-10-11,36,39,42,45,48,3
2016-10-07,24,37,42,50,65,14
2016-10-04,18,29,30,54,66,1
2016-09-30,21,30,47,50,57,9
2016-09-23,1,5,8,25,62,14
2016-09-16,13,21,28,34,40,15
2016-09-13,6,15,17,39,56,15
2016-09-09,1,34,43,44,63,11
2016-09-02,22,28,41,46,60,3
2016-08-26,10,11,31,41,44,14
2016-08-23,2,7,46,61,66,1
2016-08-16,2,43,52,62,63,6
2016-08-12,4,41,44,56,69,10
2016-08-09,12,19,20,44,66,1
2016-08-02,3,12,36,54,70,12
2016-07-29,11,16,19,31,48,4
2016-07-26,1,4,31,36,54,9
2016-07-22,8,24,25,26,30,7
2016-07-19,3,34,54,65,66,4
2016-07-15,16,51,52,56,58,4
2016-07-12,6,8,22,46,68,4
2016-07-01,20,41,42,45,49,14
2016-06-28,15,17,20,35,55,7
2016-06-24,11,14,54,57,63,11
2016-06-21,6,13,21,49,50,10
2016-06-17,20,23,30,44,59,9
2016-06-14,36,37,38,52,62,6
2016-06-10,34,61,66,67,68,7
2016-05-31,9,31,34,41,49,8
2016-05-27,18,41,50,68,70,9
2016-05-20,19,24,26,40,68,8
2016-05-13,20,21,38,54,66,7
2016-05-06,14,26,27,32,36,7
2016-05-03,28,29,33,36,45,15
2016-04-26,14,16,17,28,48,2
2016-04-22,2,19,21,42,60,13
2016-04-19,9,28,40,57,65,2
2016-04-12,7,11,59,62,63,3
2016-04-05,13,45,52,53,57,10
2016-04-01,25,28,33,41,69,6
2016-03-29,33,38,40,46,49,15
2016-03-25,4,11,12,35,46,12
2016-03-22,6,19,34,38,70,5
2016-03-15,18,26,30,44,68,7
2016-03-08,27,37,54,66,69,5
2016-03-01,1,29,33,34,55,6
2016-02-23,16,32,39,53,57,10
2016-02-16,9,31,33,46,64,4
2016-02-02,7,13,25,51,70,9
2016-01-29,20,28,49,51,52,6
2016-01-26,14,27,39,50,69,2
2016-01-22,21,25,40,46,56,3
2016-01-19,2,17,31,39,47,9
2016-01-15,29,41,53,54,70,12
2016-01-12,15,27,29,31,48,15
2016-01-05,1,4,36,48,57,13
2016-01-01,7,18,37,38,39,9
2015-12-25,15,25,29,44,51,4
2015-12-22,11,21,40,50,70,15
2015-12-18,6,23,24,28,62,7
2015-12-15,18,25,47,51,61,5
2015-12-11,14,20,43,54,69,5
2015-12-01,5,7,25,50,59,12
2015-11-27,16,20,39,56,59,12
2015-11-24,2,19,30,38,70,8
2015-11-20,9,12,29,37,67,15
2015-11-17,12,14,18,24,61,10
2015-11-13,17,18,31,35,59,9
2015-10-30,17,41,51,53,56,15
2015-10-23,25,32,37,45,70,1
2015-10-20,6,25,35,38,52,4
2015-10-16,2,38,48,61,68,4
2015-10-13,7,9,24,38,52,1
2015-10-06,17,58,63,64,66,13
2015-10-02,4,14,29,31,47,9
2015-09-29,8,21,30,61,62,9
2015-09-25,3,8,38,51,64,4
2015-09-22,28,30,38,45,51,8
2015-09-18,17,34,35,51,65,7
2015-09-15,7,20,35,49,56,9
2015-09-11,5,11,31,50,67,14
2015-09-08,19,20,36,41,46,7
2015-09-04,17,21,39,52,57,5
2015-09-01,2,5,35,40,54,13
2015-08-28,13,35,40,60,68,9
2015-08-25,5,44,54,59,63,1
2015-08-18,2,7,33,39,53,9
2015-08-11,3,8,29,57,68,8
2015-08-07,1,38,53,63,66,10
2015-08-04,2,19,44,51,57,14
2015-07-31,28,32,33,40,46,10
2015-07-24,10,12,26,60,62,13
2015-07-17,6,17,30,31,41,15
2015-07-10,24,27,45,51,54,8
2015-07-07,6,15,16,28,49,14
2015-06-30,11,17,34,43,50,15
2015-06-26,12,23,33,47,50,3
2015-06-23,6,13,38,56,70,2
2015-06-19,4,35,36,52,68,8
2015-06-16,8,19,26,56,67,14
2015-06-12,1,40,42,56,62,2
2015-06-09,6,16,17,25,36,7
2015-06-05,7,22,27,41,49,10
2015-06-02,2,9,11,22,23,12
2015-05-29,20,27,38,49,66,2
2015-05-22,3,14,15,25,48,8
2015-05-19,10,12,21,29,65,10
2015-05-12,14,30,33,36,44,2
2015-04-28,22,27,55,58,63,11
2015-04-24,24,25,29,47,67,4
2015-04-21,31,33,35,41,69,11
2015-04-17,15,18,29,41,50,5
2015-04-10,6,11,32,46,68,9
2015-04-07,5,15,22,26,64,6
2015-03-27,17,21,36,58,70,3
2015-03-24,2,23,32,45,55,12
2015-03-17,11,27,44,45,58,3
2015-03-13,8,22,30,42,45,3
2015-03-03,9,11,42,44,50,3
2015-02-27,7,49,53,60,64,4
2015-02-24,15,23,26,45,66,4
2015-02-20,2,6,8,52,66,13
2015-02-17,6,45,50,65,66,1
2015-02-06,5,6,17,33,68,13
2015-02-03,11,22,25,58,69,13
2015-01-30,18,31,39,45,55,6
2015-01-27,5,26,27,44,57,7
2015-01-20,31,35,56,59,63,6
2015-01-16,26,32,44,45,58,11
2015-01-13,12,20,25,50,51,7
2015-01-09,37,49,50,56,57,8
2014-12-30,3,7,44,63,67,12
2014-12-26,2,5,10,20,38,14
2014-12-23,4,10,31,56,66,7
2014-12-19,14,18,58,59,68,4
2014-12-12,2,31,46,58,65,7
2014-12-09,27,45,49,51,52,14
2014-12-05,4,5,11,51,59,5
2014-12-02,13,18,22,49,62,11
2014-11-28,8,26,29,36,47,10
2014-11-25,10,11,29,47,56,4
2014-11-21,3,12,35,37,63,15
2014-11-14,3,49,61,62,68,15
2014-11-07,31,35,41,65,66,5
2014-11-04,9,15,24,39,41,1
2014-10-31,11,29,36,58,67,15
2014-10-28,3,50,57,58,60,11
2014-10-24,2,14,21,28,55,3
2014-10-21,5,35,37,41,66,11
2014-10-17,21,31,43,56,60,12
2014-10-14,11,37,46,64,68,15
2014-10-10,2,32,35,50,59,3
2014-10-07,16,29,46,48,55,2
2014-10-03,3,20,34,58,67,6
2014-09-30,3,16,52,54,61,6
2014-09-26,17,26,35,46,62,9
2014-09-23,21,24,25,40,43,12
2014-09-19,16,25,27,29,34,2
2014-09-12,18,28,33,36,42,7
2014-09-05,7,12,20,24,59,7
2014-08-26,29,31,51,60,64,1
2014-08-15,16,19,28,29,68,9
2014-08-12,32,53,60,63,68,6
2014-08-05,25,28,36,45,53,6
2014-07-25,22,29,33,41,68,12
2014-07-22,14,18,22,31,47,15
2014-07-15,2,4,17,36,40,5
2014-07-11,9,13,30,35,69,10
2014-07-08,14,25,27,48,49,9
2014-07-04,16,33,39,58,69,2
2014-07-01,9,22,38,47,49,15
2014-06-27,15,29,31,46,64,10
2014-06-24,13,17,24,47,65,10
2014-06-20,1,22,25,29,56,3
2014-06-17,10,14,24,47,60,3
2014-06-13,7,38,46,49,56,1
2014-05-30,10,13,42,43,62,2
2014-05-27,1,6,10,46,58,13
2014-05-23,12,14,21,38,70,15
2014-05-20,10,40,63,64,69,7
2014-05-16,13,14,16,50,56,11
2014-05-09,10,28,39,51,59,14
2014-05-06,18,20,27,48,51,5
2014-05-02,1,18,26,35,40,13
2014-04-29,7,43,59,61,66,3
2014-04-25,3,11,18,20,66,9
2014-04-22,2,18,19,49,50,1
2014-04-18,18,25,38,45,63,9
2014-04-15,4,39,46,47,70,13
2014-04-11,3,42,44,47,57,8
2014-04-04,1,10,15,41,54,9
2014-03-21,2,23,30,35,53,10
2014-03-18,11,19,24,33,51,7
2014-03-14,7,20,40,54,69,12
2014-03-11,9,14,56,57,69,10
2014-03-07,11,13,51,57,69,1
2014-03-04,10,29,31,35,45,10
2014-02-28,3,31,50,58,59,6
2014-02-25,12,18,25,35,66,15
2014-02-21,23,29,32,45,46,15
2014-02-18,23,29,31,37,70,14
2014-02-07,11,21,23,35,64,10
2014-01-31,3,9,13,47,52,8
2014-01-28,7,16,28,53,60,2
2014-01-24,22,45,46,47,65,10
2014-01-21,8,23,33,45,52,4
2014-01-17,1,10,26,31,51,11
2014-01-14,4,23,26,62,69,13
2014-01-10,8,28,36,37,57,8
2014-01-07,13,34,56,62,64,6
2014-01-03,22,24,25,40,70,5
2013-12-31,8,12,34,52,58,8
2013-12-27,4,15,35,48,49,11
2013-12-20,3,4,31,49,57,6
2013-12-17,8,14,17,20,39,7
2013-12-13,19,24,26,27,70,12
2013-12-10,5,12,22,41,65,13
2013-12-06,11,29,44,63,64,3
2013-12-03,7,12,41,44,59,3
2013-11-29,9,41,43,47,57,5
2013-11-22,17,23,35,36,44,8
2013-11-19,14,15,29,49,63,2
2013-11-15,25,44,49,54,63,8
2013-11-08,41,42,51,57,65,7
2013-11-01,32,35,49,62,67,1
2013-10-29,20,33,50,53,54,7
2013-10-25,6,16,45,54,60,15
2013-10-18,5,20,45,48,56,1
2013-10-15,4,23,30,43,50,11
2013-10-11,3,27,37,45,48,4
2013-10-08,6,15,19,23,40,5
2013-10-04,4,16,24,25,44,5
2013-10-01,7,10,30,37,53,1
2013-09-27,9,23,27,49,51,2
2013-09-24,4,11,32,39,40,3
2013-09-20,1,15,20,21,47,2
2013-09-17,6,15,27,31,39,25
2013-09-13,9,22,28,48,54,8
2013-09-10,2,12,18,54,56,1
2013-09-06,2,16,17,22,41,4
2013-09-03,4,13,14,28,41,3
2013-08-30,6,19,24,43,44,2
2013-08-27,4,7,30,36,38,4
2013-08-23,1,9,17,20,53,14
2013-08-20,13,28,35,38,41,3
2013-08-16,7,13,26,36,46,4
2013-08-13,2,31,32,37,41,4
2013-08-09,11,20,30,34,38,12
2013-08-06,1,11,16,51,55,3
2013-08-02,8,21,23,25,39,4
2013-07-30,25,27,36,42,44,3
2013-07-26,4,22,23,27,38,4
2013-07-23,25,32,35,50,51,3
2013-07-19,16,20,24,39,42,3
2013-07-16,10,14,21,40,53,20
2013-07-12,4,5,25,27,51,10
2013-07-09,3,21,43,45,48,14
2013-07-05,2,23,41,47,54,4
2013-07-02,36,42,51,52,53,4
2013-06-28,8,15,35,46,52,4
2013-06-25,3,5,28,33,51,16
2013-06-21,3,14,17,40,50,3
2013-06-18,6,17,34,40,48,2
2013-06-14,2,5,31,33,34,20
2013-06-11,15,40,45,50,53,4
2013-06-07,1,10,37,48,55,21
2013-06-04,10,11,12,20,55,19
2013-05-31,2,20,26,44,46,3
2013-05-28,4,12,25,32,54,4
2013-05-24,4,5,16,18,53,4
2013-05-21,2,15,17,48,55,11
2013-05-17,11,15,35,43,49,4
2013-05-14,6,10,12,28,32,4
2013-05-10,1,19,20,39,49,4
2013-05-07,1,6,13,20,51,4
2013-05-03,2,20,34,42,54,2
2013-04-30,21,30,34,39,49,3
2013-04-26,17,42,49,54,55,4
2013-04-23,9,21,22,32,50,10
2013-04-19,6,8,12,22,43,4
2013-04-16,2,5,15,18,39,2
2013-04-12,1,10,13,19,21,3
2013-04-09,17,30,41,48,54,13
2013-04-05,8,15,23,36,41,5
2013-04-02,7,10,14,40,47,4
2013-03-29,25,31,36,46,53,21
2013-03-26,20,33,46,49,51,4
2013-03-22,14,27,34,37,41,4
2013-03-19,3,6,14,21,37,3
2013-03-15,4,8,17,22,32,8
2013-03-12,9,12,19,20,30,4
2013-03-08,4,11,25,34,35,4
2013-03-05,6,20,39,41,46,3
2013-03-01,17,30,38,43,51,20
2013-02-26,6,7,13,15,43,7
2013-02-22,9,13,24,38,49,3
2013-02-19,1,15,19,30,56,3
2013-02-15,11,35,41,42,44,4
2013-02-12,9,22,32,38,55,3
2013-02-08,6,15,20,39,50,5
2013-02-05,2,5,10,26,44,4
2013-02-01,1,30,32,40,41,17
2013-01-29,8,12,27,46,47,6
2013-01-25,11,12,17,31,48,1
2013-01-22,7,11,16,39,54,13
2013-01-18,8,18,25,42,49,14
2013-01-15,1,6,12,19,41,14
2013-01-11,24,29,30,34,56,1
2013-01-08,3,20,21,38,42,19
2013-01-04,1,2,23,25,55,4
2013-01-01,4,11,21,25,44,4
2012-12-28,10,13,32,40,41,4
2012-12-25,2,3,18,34,48,4
2012-12-21,3,18,32,41,56,19
2012-12-18,1,6,7,18,29,16
2012-12-14,11,28,33,41,43,4
2012-12-11,39,44,51,52,54,13
2012-12-07,7,43,44,51,56,4
2012-12-04,3,19,24,32,43,4
2012-11-30,11,22,24,28,31,3
2012-11-27,5,12,26,42,49,24
2012-11-23,8,37,44,47,48,4
2012-11-20,9,13,22,38,52,4
2012-11-16,5,24,26,29,53,4
2012-11-13,6,12,31,46,56,2
2012-11-09,18,22,33,35,40,11
2012-11-06,3,5,13,32,35,6
2012-11-02,4,18,22,38,44,24
2012-10-30,5,12,18,29,56,4
2012-10-26,4,15,24,36,40,2
2012-10-23,1,17,42,46,55,1
2012-10-19,14,34,36,48,53,3
2012-10-16,13,37,40,46,52,4
2012-10-12,6,10,24,26,42,15
2012-10-09,6,15,16,22,37,3
2012-10-05,8,9,16,32,39,15
2012-10-02,10,11,20,42,55,9
2012-09-28,6,8,14,43,56,4
2012-09-25,7,8,23,50,51,3
2012-09-21,3,13,14,46,55,4
2012-09-18,5,9,22,36,49,3
2012-09-14,16,17,21,40,51,20
2012-09-11,5,11,20,33,36,11
2012-09-07,15,32,38,42,46,4
2012-09-04,16,32,39,41,53,16
2012-08-31,31,40,41,47,48,3
2012-08-28,4,9,40,45,50,4
2012-08-24,25,34,45,46,49,2
2012-08-21,5,13,20,23,33,2
2012-08-17,8,20,24,35,56,24
2012-08-14,15,23,34,39,55,4
2012-08-10,10,18,36,38,44,8
2012-08-07,30,32,33,42,48,7
2012-08-03,2,10,13,38,46,2
2012-07-31,5,18,21,29,41,3
2012-07-27,2,3,4,8,43,3
2012-07-24,5,9,38,46,51,5
2012-07-20,2,44,48,50,52,3
2012-07-17,1,13,21,49,55,17
2012-07-13,6,7,13,24,46,2
2012-07-10,3,11,19,23,36,21
2012-07-06,20,23,28,35,39,21
2012-07-03,3,4,24,36,52,4
2012-06-29,28,34,39,45,53,4
2012-06-26,3,16,23,35,36,20
2012-06-22,10,16,19,32,36,13
2012-06-19,11,21,27,30,53,11
2012-06-15,8,12,18,30,40,4
2012-06-12,2,9,17,34,50,4
2012-06-08,4,9,34,40,48,25
2012-06-05,37,39,42,53,55,22
2012-06-01,2,27,38,46,52,3
2012-05-29,2,14,29,53,55,3
2012-05-25,9,15,21,40,54,11
2012-05-22,10,14,35,43,52,16
2012-05-18,3,11,22,34,49,1
2012-05-15,10,11,12,14,24,6
2012-05-11,3,15,29,35,54,8
2012-05-08,2,6,8,18,51,19
2012-05-04,4,11,21,42,53,4
2012-05-01,24,27,31,45,52,4
2012-04-27,2,5,45,46,47,4
2012-04-24,3,9,15,37,38,4
2012-04-20,14,23,26,33,35,3
2012-04-17,1,16,24,32,48,2
2012-04-13,9,14,17,36,42,4
2012-04-10,2,6,12,31,48,25
2012-04-06,2,19,20,24,33,4
2012-04-03,11,35,38,41,52,4
2012-03-30,2,4,23,38,46,23
2012-03-27,9,19,34,44,51,24
2012-03-23,6,17,19,20,21,20
2012-03-20,1,4,6,11,14,4
2012-03-16,28,29,43,51,53,7
2012-03-13,2,8,30,36,48,3
2012-03-09,9,10,27,36,42,11
2012-03-06,20,24,31,33,36,4
2012-03-02,16,29,48,52,54,5
2012-02-28,6,15,29,39,51,3
2012-02-24,1,16,18,25,27,3
2012-02-21,9,30,39,42,47,3
2012-02-17,16,25,28,32,40,3
2012-02-14,3,5,10,26,27,2
2012-02-10,3,4,18,29,50,20
2012-02-07,17,23,30,37,45,4
2012-02-03,7,19,21,49,53,4
2012-01-31,9,17,18,28,43,9
2012-01-27,3,5,30,36,48,23
2012-01-24,10,22,24,36,49,4
2012-01-20,1,9,28,38,47,8
2012-01-17,3,15,31,36,53,2
2012-01-13,10,27,28,37,51,19
2012-01-10,4,10,16,38,48,3
2012-01-06,9,17,28,34,48,2
2012-01-03,2,3,15,22,36,23
2011-12-30,4,24,45,46,52,1
2011-12-27,23,32,33,39,43,8
2011-12-23,3,5,8,18,29,14
2011-12-20,20,24,27,45,51,4
2011-12-16,2,4,26,36,39,3
2011-12-13,5,6,22,26,41,6
2011-12-09,4,12,29,49,51,4
2011-12-06,7,21,29,35,49,4
2011-12-02,24,30,48,51,56,4
2011-11-29,17,29,43,48,52,4
2011-11-25,22,28,42,49,54,3
2011-11-22,4,16,23,33,48,2
2011-11-18,4,13,33,39,55,3
2011-11-15,3,6,24,30,33,21
2011-11-11,2,16,22,29,50,4
2011-11-08,5,31,45,47,54,4
2011-11-04,26,30,32,33,44,1
2011-11-01,27,31,39,40,46,3
2011-10-28,13,31,49,52,56,4
2011-10-25,13,33,40,44,46,8
2011-10-21,6,21,35,37,38,17
2011-10-18,24,25,45,47,53,2
2011-10-14,13,35,42,45,54,4
2011-10-11,25,34,38,44,56,4
2011-10-07,5,15,19,23,38,19
2011-10-04,3,26,40,45,52,11
2011-09-30,3,19,21,44,45,4
2011-09-27,2,20,28,36,45,4
2011-09-23,21,27,32,40,52,4
2011-09-20,6,29,38,50,51,4
2011-09-16,6,23,41,45,56,24
2011-09-13,22,31,43,48,56,4
2011-09-09,7,12,19,23,31,4
2011-09-06,1,36,38,42,49,19
2011-09-02,25,44,48,49,55,20
2011-08-30,2,22,25,28,50,18
2011-08-26,2,3,27,30,47,3
2011-08-23,11,21,44,48,49,23
2011-08-19,5,15,53,54,56,22
2011-08-16,4,38,41,42,43,4
2011-08-12,9,43,51,54,55,13
2011-08-09,11,19,39,45,54,15
2011-08-05,6,24,28,33,42,19
2011-08-02,14,17,19,20,32,4
2011-07-29,8,10,22,47,48,4
2011-07-26,20,25,35,52,55,10
2011-07-22,23,31,32,39,56,4
2011-07-19,2,9,10,16,35,4
2011-07-15,16,29,30,46,56,6
2011-07-12,3,9,11,44,49,9
2011-07-08,1,2,22,37,50,3
2011-07-05,1,10,13,18,46,19
2011-07-01,12,17,30,35,47,4
2011-06-28,12,17,27,47,48,4
2011-06-24,10,14,40,49,51,4
2011-06-21,11,24,25,31,46,17
2011-06-17,12,29,46,47,51,24
2011-06-14,9,10,20,51,53,24
2011-06-10,18,21,27,37,38,7
2011-06-07,29,32,35,47,52,13
2011-06-03,20,23,41,49,53,3
2011-05-31,28,30,31,37,55,13
2011-05-27,5,7,14,28,56,10
2011-05-24,9,12,21,42,43,3
2011-05-20,10,17,19,45,48,4
2011-05-17,1,2,17,25,48,4
2011-05-13,3,33,39,47,53,9
2011-05-10,11,16,34,40,51,4
2011-05-06,6,18,26,37,41,9
2011-05-03,1,16,29,36,50,16
2011-04-29,9,10,11,33,51,4
2011-04-26,19,29,32,38,55,15
2011-04-22,3,18,46,51,53,17
2011-04-19,20,24,32,45,51,4
2011-04-15,22,23,33,39,48,3
2011-04-12,10,23,39,41,45,15
2011-04-08,6,40,45,50,56,11
2011-04-05,1,19,20,31,36,9
2011-04-01,13,14,35,36,53,19
2011-03-29,6,15,23,34,38,4
2011-03-25,22,24,31,52,54,4
2011-03-22,1,14,35,50,53,4
2011-03-18,14,33,34,54,56,4
2011-03-15,10,11,12,28,43,4
2011-03-11,14,19,21,42,45,6
2011-03-08,3,17,19,41,55,24
2011-03-04,8,10,15,23,41,7
2011-03-01,1,12,19,20,47,25
2011-02-25,4,5,17,19,50,7
2011-02-22,15,22,23,48,55,4
2011-02-18,5,6,7,30,45,3
2011-02-15,17,18,24,35,39,18
2011-02-11,8,9,17,32,34,13
2011-02-08,25,35,36,47,48,18
2011-02-04,6,20,29,48,55,6
2011-02-01,16,22,23,26,35,4
2011-01-28,14,33,48,49,50,18
2011-01-25,5,8,31,46,50,4
2011-01-21,5,9,21,35,38,20
2011-01-18,4,27,29,38,45,5
2011-01-14,2,15,17,33,35,8
2011-01-11,1,4,11,16,45,4
2011-01-07,4,22,42,46,53,20
2011-01-04,4,8,15,25,47,4
2010-12-31,10,12,13,35,56,9
2010-12-28,6,18,36,40,49,7
2010-12-24,15,16,27,40,52,16
2010-12-21,8,11,12,31,32,4
2010-12-17,11,20,26,46,53,12
2010-12-14,18,22,25,31,38,3
2010-12-10,23,27,33,44,46,4
2010-12-07,4,38,45,53,54,9
2010-12-03,6,11,12,18,56,12
2010-11-30,11,16,19,47,53,2
2010-11-26,5,9,34,43,47,8
2010-11-23,2,6,12,34,35,4
2010-11-19,7,14,31,51,54,2
2010-11-16,1,26,27,39,46,21
2010-11-12,9,26,28,35,38,10
2010-11-09,8,26,28,33,53,11
2010-11-05,19,25,34,46,53,15
2010-11-02,1,3,12,16,54,2
2010-10-29,4,19,26,28,39,14
2010-10-26,15,21,30,31,32,4
2010-10-22,2,7,18,32,53,18
2010-10-19,2,9,14,37,42,4
2010-10-15,9,10,13,31,50,10
2010-10-12,10,31,36,37,43,15
2010-10-08,24,29,37,48,50,19
2010-10-05,10,19,24,37,44,4
2010-10-01,3,8,21,28,52,4
2010-09-28,2,10,13,36,38,18
2010-09-24,2,28,38,42,55,25
2010-09-21,3,20,43,47,52,4
2010-09-17,3,4,14,18,27,13
2010-09-14,6,14,50,55,56,1
2010-09-10,11,12,17,21,23,20
2010-09-07,8,18,22,24,38,23
2010-09-03,10,13,20,28,36,9
2010-08-31,10,20,29,47,48,3
2010-08-27,4,10,26,32,41,4
2010-08-24,4,23,24,28,32,3
2010-08-20,4,13,20,29,48,4
2010-08-17,11,19,40,43,44,4
2010-08-13,6,17,24,43,55,4
2010-08-10,2,14,26,50,56,12
2010-08-06,7,13,30,33,54,3
2010-08-03,4,13,20,22,56,2
2010-07-30,11,30,40,48,52,4
2010-07-27,2,7,10,16,29,8
2010-07-23,16,19,39,44,49,2
2010-07-20,12,18,28,36,43,19
2010-07-16,2,15,18,20,39,3
2010-07-13,7,11,14,15,34,14
2010-07-09,1,31,33,34,50,4
2010-07-06,8,18,45,47,50,2
2010-07-02,1,10,12,32,36,25
2010-06-29,3,4,15,27,37,3
2010-06-25,1,2,13,19,27,21
2010-06-22,12,17,21,23,30,24
2010-06-18,11,36,37,41,55,7
2010-06-15,4,12,13,21,27,4
2010-06-11,6,13,33,34,42,25
2010-06-08,12,18,28,48,54,6
2010-06-04,12,13,15,17,50,23
2010-06-01,12,27,44,45,51,2
2010-05-28,3,11,20,29,39,4
2010-05-25,5,14,17,19,24,25
2010-05-21,15,20,23,26,30,17
2010-05-18,11,13,19,37,40,4
2010-05-14,20,21,40,47,56,12
2010-05-11,26,33,43,46,54,9
2010-05-07,2,7,20,34,50,3
2010-05-04,9,21,31,36,43,8
2010-04-30,14,20,41,47,53,4
2010-04-27,23,37,41,50,55,6
2010-04-23,19,26,28,37,52,18
2010-04-20,5,8,10,34,42,25
2010-04-16,10,16,31,48,50,3
2010-04-13,3,12,27,39,47,4
2010-04-09,15,18,39,48,53,3
2010-04-06,16,43,44,52,56,4
2010-04-02,2,17,22,30,31,19
2010-03-30,1,11,24,38,44,3
2010-03-26,23,41,46,47,52,22
2010-03-23,3,25,28,29,40,13
2010-03-19,10,31,45,50,54,25
2010-03-16,3,22,48,52,56,13
2010-03-12,2,15,25,48,53,3
2010-03-09,14,16,18,19,29,16
2010-03-05,11,31,34,44,52,4
2010-03-02,9,12,47,48,56,25
2010-02-26,4,14,29,54,56,3
2010-02-23,4,16,36,40,53,18
2010-02-19,1,22,39,42,46,4
2010-02-16,11,12,21,29,45,5
2010-02-12,14,16,17,33,47,23
2010-02-09,2,17,20,26,48,12
2010-02-05,10,20,45,51,53,4
2010-02-02,6,7,26,27,49,9
2010-01-29,1,10,22,23,38,19
2010-01-26,7,8,38,39,48,22
