Date,Num1,Num2,Num3,Num4,Num5
2026-05-29,3,5,10,41,44
2026-05-28,17,19,24,37,39
2026-05-27,10,13,16,18,33
2026-05-26,5,14,17,30,43
2026-05-25,11,19,21,27,37
2026-05-24,3,4,9,16,41
2026-05-23,12,21,24,39,44
2026-05-22,22,25,33,34,35
2026-05-21,24,25,34,35,44
2026-05-20,2,6,14,15,36
2026-05-19,2,6,17,21,33
2026-05-18,7,28,33,36,43
2026-05-17,4,25,34,41,43
2026-05-16,2,11,16,21,32
2026-05-15,8,16,26,40,41
2026-05-14,7,12,25,41,42
2026-05-13,8,19,38,41,43
2026-05-12,1,10,12,24,43
2026-05-11,3,11,13,16,39
2026-05-10,2,9,20,24,43
2026-05-09,1,12,18,19,27
2026-05-08,7,9,11,30,45
2026-05-07,9,26,31,35,45
2026-05-06,2,5,17,23,43
2026-05-05,5,6,15,17,22
2026-05-04,9,30,41,43,44
2026-05-03,5,14,16,26,40
2026-05-02,4,18,25,30,45
2026-05-01,8,16,33,38,45
2026-04-30,25,29,43,44,45
2026-04-29,9,14,33,35,38
2026-04-28,4,5,16,18,28
2026-04-27,2,8,34,37,44
2026-04-26,1,15,19,23,39
2026-04-25,1,2,7,8,9
2026-04-24,16,25,30,33,35
2026-04-23,10,11,15,29,41
2026-04-22,4,13,20,30,42
2026-04-21,3,7,11,22,43
2026-04-20,5,12,27,33,45
2026-04-19,15,28,31,38,45
2026-04-18,8,19,22,31,44
2026-04-17,20,29,32,36,37
2026-04-16,9,26,27,35,42
2026-04-15,1,2,13,35,39
2026-04-14,1,6,16,41,45
2026-04-13,1,11,19,39,41
2026-04-12,2,7,12,14,26
2026-04-11,1,29,33,36,40
2026-04-10,25,26,33,34,45
2026-04-09,15,21,25,40,43
2026-04-08,5,8,18,22,43
2026-04-07,13,23,24,29,39
2026-04-06,1,15,16,33,39
2026-04-05,3,5,17,26,29
2026-04-04,4,7,24,30,43
2026-04-03,17,26,28,32,45
2026-04-02,15,24,27,30,37
2026-04-01,4,7,8,18,26
2026-03-31,10,25,39,40,44
2026-03-30,15,21,32,33,36
2026-03-29,17,18,26,29,41
2026-03-28,2,3,12,19,33
2026-03-27,1,10,17,21,43
2026-03-26,4,6,7,21,42
2026-03-25,1,21,27,31,43
2026-03-24,4,13,23,28,45
2026-03-23,2,6,17,20,27
2026-03-22,5,6,8,14,24
2026-03-21,7,17,22,36,38
2026-03-20,3,9,11,30,44
2026-03-19,6,19,24,39,41
2026-03-18,19,24,33,34,44
2026-03-17,10,24,30,32,34
2026-03-16,2,14,18,33,45
2026-03-15,2,4,33,35,44
2026-03-14,7,26,30,34,35
2026-03-13,5,6,7,16,17
2026-03-12,1,16,21,22,43
2026-03-11,12,26,37,39,42
2026-03-10,12,21,24,27,40
2026-03-09,10,17,23,30,31
2026-03-08,20,26,33,35,40
2026-03-07,2,8,16,29,44
2026-03-06,20,21,31,35,38
2026-03-05,7,26,28,30,32
2026-03-04,1,20,26,34,39
2026-03-03,6,16,18,32,33
2026-03-02,2,16,17,19,33
2026-03-01,3,6,7,33,41
2026-02-28,14,23,31,36,40
2026-02-27,1,3,5,35,38
2026-02-26,4,21,25,30,34
2026-02-25,7,9,16,28,31
2026-02-24,4,13,24,33,43
2026-02-23,5,20,26,35,45
2026-02-22,7,16,24,26,31
2026-02-21,21,34,36,38,43
2026-02-20,15,18,19,20,45
2026-02-19,1,4,21,31,43
2026-02-18,1,2,4,25,30
2026-02-17,6,15,24,34,44
2026-02-16,2,23,31,39,45
2026-02-15,5,13,31,32,44
2026-02-14,6,7,16,31,43
2026-02-13,5,6,12,17,39
2026-02-12,11,31,38,43,44
2026-02-11,4,6,30,31,40
2026-02-10,4,7,9,25,29
2026-02-09,8,20,23,26,35
2026-02-08,12,14,27,42,45
2026-02-07,5,11,23,32,39
2026-02-06,2,4,15,26,41
2026-02-05,16,28,29,42,45
2026-02-04,4,5,16,26,37
2026-02-03,4,7,14,34,42
2026-02-02,12,20,31,39,44
2026-02-01,3,13,31,39,44
2026-01-31,2,4,13,15,44
2026-01-30,10,17,24,43,45
2026-01-29,8,17,35,36,40
2026-01-28,5,16,19,21,34
2026-01-27,5,9,17,37,40
2026-01-26,5,13,34,35,41
2026-01-25,7,10,27,35,36
2026-01-24,14,24,30,37,40
2026-01-23,9,12,36,37,42
2026-01-22,12,15,21,35,41
2026-01-21,1,4,11,22,42
2026-01-20,1,5,11,35,45
2026-01-19,17,23,31,35,41
2026-01-18,26,33,36,40,44
2026-01-17,2,14,15,19,23
2026-01-16,5,8,9,16,17
2026-01-15,1,4,22,28,39
2026-01-14,4,7,23,24,33
2026-01-13,18,26,27,33,43
2026-01-12,2,8,41,42,45
2026-01-11,5,22,34,40,42
2026-01-10,9,18,35,43,44
2026-01-09,8,16,19,27,45
2026-01-08,12,27,40,41,44
2026-01-07,18,19,24,35,43
2026-01-06,11,18,35,43,45
2026-01-05,6,25,31,36,42
2026-01-04,2,23,24,27,36
2026-01-03,11,23,36,40,44
2026-01-02,4,19,24,38,43
2026-01-01,1,4,7,35,45
2025-12-31,2,3,5,27,37
2025-12-30,3,21,25,38,43
2025-12-29,1,6,22,26,34
2025-12-28,3,5,14,18,36
2025-12-27,1,2,3,30,44
2025-12-26,7,19,35,38,45
2025-12-25,3,6,23,24,34
2025-12-24,5,12,27,28,37
2025-12-23,2,3,21,31,38
2025-12-22,6,9,19,25,45
2025-12-21,10,23,33,38,44
2025-12-20,1,11,14,40,43
2025-12-19,10,12,29,34,38
2025-12-18,9,29,30,33,42
2025-12-17,6,26,30,35,39
2025-12-16,9,14,30,41,43
2025-12-15,11,17,21,25,36
2025-12-14,7,15,19,25,35
2025-12-13,1,20,27,38,40
2025-12-12,14,24,37,38,41
2025-12-11,5,7,19,24,27
2025-12-10,11,20,33,36,45
2025-12-09,4,12,24,28,45
2025-12-08,6,13,18,32,44
2025-12-07,3,10,12,13,39
2025-12-06,5,18,30,33,42
2025-12-05,4,11,12,26,39
2025-12-04,12,22,24,33,38
2025-12-03,1,12,30,33,39
2025-12-02,9,14,15,26,38
2025-12-01,6,7,10,26,27
2025-11-30,19,33,39,40,45
2025-11-29,19,31,41,43,45
2025-11-28,1,4,6,10,42
2025-11-27,3,7,32,35,37
2025-11-26,5,14,31,41,43
2025-11-25,2,7,9,19,25
2025-11-24,7,20,29,39,45
2025-11-23,22,23,27,37,42
2025-11-22,3,20,42,43,44
2025-11-21,4,16,30,34,35
2025-11-20,4,6,23,27,37
2025-11-19,5,7,18,34,35
2025-11-18,6,16,24,30,31
2025-11-17,3,7,8,9,13
2025-11-16,6,9,16,21,36
2025-11-15,15,29,35,39,45
2025-11-14,15,28,30,33,42
2025-11-13,3,6,24,38,39
2025-11-12,20,22,28,30,32
2025-11-11,24,28,34,37,40
2025-11-10,4,5,8,25,28
2025-11-09,1,6,31,42,45
2025-11-08,4,11,12,29,39
2025-11-07,3,20,28,33,42
2025-11-06,8,9,24,43,45
2025-11-05,9,15,26,27,40
2025-11-04,15,28,30,35,45
2025-11-03,4,9,10,32,34
2025-11-02,10,22,27,41,43
2025-11-01,4,7,12,38,44
2025-10-31,1,2,22,27,37
2025-10-30,2,8,12,30,33
2025-10-29,7,10,21,28,44
2025-10-28,8,9,20,21,41
2025-10-27,7,12,14,31,34
2025-10-26,7,8,17,25,44
2025-10-25,4,19,22,37,42
2025-10-24,10,15,23,30,40
2025-10-23,4,5,10,23,39
2025-10-22,7,12,14,15,39
2025-10-21,21,22,29,37,45
2025-10-20,20,22,25,31,44
2025-10-19,15,19,21,26,27
2025-10-18,1,5,6,33,44
2025-10-17,5,8,12,18,38
2025-10-16,12,26,35,36,38
2025-10-15,11,16,17,22,27
2025-10-14,8,22,27,32,33
2025-10-13,9,16,17,37,44
2025-10-12,29,31,33,37,43
2025-10-11,10,12,27,33,44
2025-10-10,24,25,31,34,41
2025-10-09,1,14,20,34,35
2025-10-08,5,10,34,35,40
2025-10-07,8,20,23,25,34
2025-10-06,22,30,32,33,39
2025-10-05,12,22,25,29,32
2025-10-04,4,7,10,38,39
2025-10-03,5,16,24,31,32
2025-10-02,5,8,9,34,39
2025-10-01,6,15,34,41,44
2025-09-30,8,10,14,15,35
2025-09-29,15,30,37,40,41
2025-09-28,3,7,13,29,45
2025-09-27,1,12,36,38,43
2025-09-26,4,12,21,37,38
2025-09-25,6,8,10,13,25
2025-09-24,3,13,17,19,35
2025-09-23,23,24,28,36,40
2025-09-22,6,10,16,24,28
2025-09-21,13,22,23,26,27
2025-09-20,1,22,29,30,45
2025-09-19,13,15,31,37,45
2025-09-18,9,12,16,26,30
2025-09-17,4,30,40,43,45
2025-09-16,7,8,21,23,39
2025-09-15,4,15,29,38,44
2025-09-14,4,36,38,39,43
2025-09-13,30,33,36,38,40
2025-09-12,14,20,30,43,44
2025-09-11,5,6,20,25,30
2025-09-10,3,4,5,20,25
2025-09-09,21,23,28,30,38
2025-09-08,8,12,35,43,44
2025-09-07,2,6,20,38,45
2025-09-06,2,9,13,35,44
2025-09-05,11,18,21,34,42
2025-09-04,10,13,21,28,45
2025-09-03,1,4,37,38,41
2025-09-02,4,10,23,25,40
2025-09-01,3,24,28,31,35
2025-08-31,2,14,15,25,26
2025-08-30,7,10,19,24,25
2025-08-29,1,3,22,40,42
2025-08-28,12,29,33,37,39
2025-08-27,6,11,14,20,38
2025-08-26,4,11,12,31,43
2025-08-25,16,25,28,34,40
2025-08-24,2,10,25,33,34
2025-08-23,2,5,17,33,39
2025-08-22,2,6,22,41,45
2025-08-21,20,27,34,40,42
2025-08-20,9,14,17,35,40
2025-08-19,1,6,39,40,42
2025-08-18,19,23,36,40,42
2025-08-17,11,12,27,28,41
2025-08-16,1,3,9,18,34
2025-08-15,8,11,12,14,35
2025-08-14,11,18,23,27,44
2025-08-13,1,10,13,36,40
2025-08-12,6,17,18,34,37
2025-08-11,11,24,26,36,41
2025-08-10,11,27,30,39,43
2025-08-09,1,12,35,40,43
2025-08-08,2,3,22,39,42
2025-08-07,2,13,28,33,43
2025-08-06,15,24,28,36,42
2025-08-05,2,9,14,27,37
2025-08-04,19,22,29,36,41
2025-08-03,7,23,24,29,31
2025-08-02,7,18,23,29,36
2025-08-01,9,12,13,28,39
2025-07-31,6,9,14,33,40
2025-07-30,5,20,25,31,43
2025-07-29,11,12,13,20,43
2025-07-28,2,15,18,32,35
2025-07-27,3,12,18,21,30
2025-07-26,11,14,23,26,33
2025-07-25,3,21,27,32,43
2025-07-24,2,7,14,35,44
2025-07-23,10,19,24,42,44
2025-07-22,2,13,23,35,39
2025-07-21,1,10,32,39,41
2025-07-20,2,9,24,33,35
2025-07-19,14,17,33,37,39
2025-07-18,2,11,19,33,42
2025-07-17,8,9,11,18,26
2025-07-16,15,22,24,39,40
2025-07-15,8,21,26,29,42
2025-07-14,10,24,26,33,44
2025-07-13,3,24,33,38,43
2025-07-12,6,7,11,14,26
2025-07-11,12,27,28,33,40
2025-07-10,4,9,11,13,32
2025-07-09,12,24,25,39,45
2025-07-08,1,4,13,18,36
2025-07-07,9,18,22,44,45
2025-07-06,3,28,31,35,44
2025-07-05,13,18,31,34,37
2025-07-04,1,2,6,19,36
2025-07-03,11,19,36,38,42
2025-07-02,1,2,4,17,34
2025-07-01,2,10,24,30,31
2025-06-30,22,29,35,41,45
2025-06-29,7,9,14,22,28
2025-06-28,6,19,20,27,39
2025-06-27,11,17,26,37,44
2025-06-26,8,20,26,34,45
2025-06-25,13,20,33,36,37
2025-06-24,2,4,26,31,36
2025-06-23,1,9,13,26,43
2025-06-22,10,18,19,24,29
2025-06-21,19,29,35,40,42
2025-06-20,7,10,18,21,27
2025-06-19,6,9,12,14,19
2025-06-18,3,9,37,38,41
2025-06-17,15,20,22,26,30
2025-06-16,12,19,30,31,45
2025-06-15,5,10,11,23,28
2025-06-14,16,22,29,37,44
2025-06-13,8,25,26,28,34
2025-06-12,14,15,19,25,37
2025-06-11,4,17,24,25,41
2025-06-10,9,12,19,27,39
2025-06-09,5,14,27,40,42
2025-06-08,1,8,19,21,29
2025-06-07,11,14,23,33,44
2025-06-06,7,15,16,17,25
2025-06-05,4,7,22,26,43
2025-06-04,5,21,26,27,34
2025-06-03,8,9,15,19,38
2025-06-02,3,16,23,29,42
2025-06-01,4,25,32,35,42
2025-05-31,7,9,19,23,28
2025-05-30,16,20,27,32,43
2025-05-29,1,3,11,24,32
2025-05-28,1,2,9,44,45
2025-05-27,1,7,9,11,12
2025-05-26,6,8,12,16,25
2025-05-25,1,4,8,18,37
2025-05-24,2,3,4,23,40
2025-05-23,2,7,21,42,45
2025-05-22,14,25,26,33,40
2025-05-21,9,22,28,35,41
2025-05-20,12,19,23,24,45
2025-05-19,2,9,27,33,43
2025-05-18,4,11,12,14,41
2025-05-17,9,17,30,34,38
2025-05-16,2,5,11,30,34
2025-05-15,17,21,31,34,40
2025-05-14,8,11,19,24,42
2025-05-13,13,19,30,36,38
2025-05-12,4,18,23,29,37
2025-05-11,1,3,18,19,38
2025-05-10,4,11,14,28,38
2025-05-09,6,8,28,29,33
2025-05-08,10,20,26,30,39
2025-05-07,30,32,39,41,45
2025-05-06,8,22,32,39,43
2025-05-05,22,31,33,34,35
2025-05-04,6,8,21,33,41
2025-05-03,13,22,24,29,37
2025-05-02,6,7,11,15,22
2025-05-01,5,11,20,41,43
2025-04-30,8,18,33,38,40
2025-04-29,10,13,27,30,43
2025-04-28,4,9,11,17,31
2025-04-27,24,35,37,40,41
2025-04-26,10,11,24,31,38
2025-04-25,1,8,15,21,42
2025-04-24,22,30,37,40,43
2025-04-23,2,15,18,27,36
2025-04-22,2,5,9,20,34
2025-04-21,8,22,34,39,44
2025-04-20,1,3,25,35,40
2025-04-19,5,28,32,33,38
2025-04-18,12,23,27,28,40
2025-04-17,14,25,26,30,43
2025-04-16,10,17,23,38,45
2025-04-15,15,24,40,44,45
2025-04-14,7,9,31,41,44
2025-04-13,4,11,14,17,22
2025-04-12,2,10,14,23,29
2025-04-11,30,36,38,40,42
2025-04-10,2,11,25,30,43
2025-04-09,2,5,15,17,29
2025-04-08,5,10,20,27,37
2025-04-07,3,13,14,32,37
2025-04-06,1,15,23,26,34
2025-04-05,2,11,33,42,43
2025-04-04,4,10,24,35,42
2025-04-03,2,19,37,40,41
2025-04-02,8,18,26,39,45
2025-04-01,4,21,28,32,37
2025-03-31,15,24,28,30,32
2025-03-30,6,10,11,30,42
2025-03-29,5,9,16,22,32
2025-03-28,13,14,23,28,36
2025-03-27,11,15,17,30,37
2025-03-26,4,31,37,41,42
2025-03-25,20,22,26,36,38
2025-03-24,9,23,30,39,45
2025-03-23,3,18,29,33,44
2025-03-22,8,11,16,25,41
2025-03-21,1,16,33,42,45
2025-03-20,10,15,18,23,29
2025-03-19,6,13,24,26,29
2025-03-18,17,25,31,35,45
2025-03-17,20,21,23,25,26
2025-03-16,8,18,19,21,22
2025-03-15,5,16,21,26,41
2025-03-14,9,15,23,33,36
2025-03-13,8,18,19,21,23
2025-03-12,1,15,16,37,45
2025-03-11,3,4,6,27,43
2025-03-10,6,13,29,35,45
2025-03-09,5,14,25,29,43
2025-03-08,1,7,8,19,26
2025-03-07,4,5,19,31,38
2025-03-06,5,11,12,28,38
2025-03-05,16,23,25,32,38
2025-03-04,5,8,19,39,40
2025-03-03,7,21,26,33,35
2025-03-02,3,15,24,35,39
2025-03-01,11,15,22,26,29
2025-02-28,4,6,21,27,42
2025-02-27,11,19,22,30,34
2025-02-26,3,15,19,22,33
2025-02-25,13,14,17,38,44
2025-02-24,10,12,17,35,39
2025-02-23,19,26,31,32,37
2025-02-22,1,13,20,36,44
2025-02-21,5,15,19,21,37
2025-02-20,6,7,22,33,42
2025-02-19,7,15,17,21,29
2025-02-18,12,17,18,30,37
2025-02-17,15,27,29,36,43
2025-02-16,8,24,28,30,38
2025-02-15,7,23,27,28,40
2025-02-14,19,24,30,34,43
2025-02-13,7,18,23,43,45
2025-02-12,19,28,30,31,38
2025-02-11,2,6,11,26,34
2025-02-10,12,13,31,39,40
2025-02-09,2,11,18,24,45
2025-02-08,1,19,31,33,43
2025-02-07,2,10,17,40,45
2025-02-06,4,14,21,33,42
2025-02-05,8,15,28,32,34
2025-02-04,5,14,19,32,41
2025-02-03,4,9,19,22,36
2025-02-02,3,25,33,34,45
2025-02-01,5,7,9,22,39
2025-01-31,8,12,13,14,40
2025-01-30,1,13,19,32,39
2025-01-29,24,27,28,37,44
2025-01-28,4,6,7,19,43
2025-01-27,14,16,25,38,44
2025-01-26,2,5,8,15,24
2025-01-25,1,5,9,22,31
2025-01-24,16,19,30,38,42
2025-01-23,6,13,26,31,34
2025-01-22,3,11,20,36,43
2025-01-21,5,6,12,16,44
2025-01-20,3,12,14,39,43
2025-01-19,5,22,28,42,43
2025-01-18,6,8,15,17,34
2025-01-17,5,8,15,21,41
2025-01-16,7,21,23,25,40
2025-01-15,1,5,8,16,21
2025-01-14,7,13,21,34,40
2025-01-13,17,34,40,41,44
2025-01-12,5,8,9,29,33
2025-01-11,6,11,28,32,43
2025-01-10,3,5,12,17,20
2025-01-09,10,17,33,39,45
2025-01-08,6,11,13,35,42
2025-01-07,4,18,22,26,45
2025-01-06,3,10,31,39,41
2025-01-05,7,13,17,35,39
2025-01-04,12,23,24,25,33
2025-01-03,12,16,18,19,23
2025-01-02,30,32,33,34,36
2025-01-01,1,4,7,23,38
2024-12-31,4,5,7,8,23
2024-12-30,1,8,23,32,36
2024-12-29,5,14,21,29,30
2024-12-28,2,12,16,32,41
2024-12-27,16,20,24,30,37
2024-12-26,12,34,36,39,41
2024-12-25,14,22,36,39,42
2024-12-24,2,10,30,43,45
2024-12-23,7,15,22,34,44
2024-12-22,1,11,30,31,37
2024-12-21,6,10,26,36,44
2024-12-20,15,27,28,35,44
2024-12-19,12,16,23,40,43
2024-12-18,7,22,23,26,31
2024-12-17,15,16,31,32,45
2024-12-16,6,14,15,17,27
2024-12-15,4,8,11,17,44
2024-12-14,12,15,24,34,41
2024-12-13,1,11,14,20,21
2024-12-12,1,9,12,23,35
2024-12-11,27,29,30,32,35
2024-12-10,6,10,18,23,43
2024-12-09,1,14,17,20,36
2024-12-08,12,20,27,36,41
2024-12-07,4,13,29,35,45
2024-12-06,7,22,36,38,44
2024-12-05,4,20,21,33,40
2024-12-04,5,13,29,34,39
2024-12-03,2,11,31,39,43
2024-12-02,5,15,18,33,40
2024-12-01,6,15,20,28,35
2024-11-30,2,14,31,37,42
2024-11-29,4,7,24,42,44
2024-11-28,2,11,12,36,42
2024-11-27,23,27,30,33,45
2024-11-26,4,21,23,29,32
2024-11-25,6,18,20,31,32
2024-11-24,5,12,23,31,38
2024-11-23,22,25,26,29,41
2024-11-22,9,19,20,40,42
2024-11-21,11,15,26,28,38
2024-11-20,7,12,21,33,35
2024-11-19,24,25,33,39,41
2024-11-18,5,12,23,36,38
2024-11-17,14,15,18,29,42
2024-11-16,3,14,16,25,43
2024-11-15,12,20,28,33,45
2024-11-14,16,18,23,29,44
2024-11-13,5,7,8,24,43
2024-11-12,2,18,27,30,41
2024-11-11,3,10,11,36,37
2024-11-10,21,26,35,42,43
2024-11-09,2,8,9,18,34
2024-11-08,1,16,22,26,41
2024-11-07,1,2,13,33,34
2024-11-06,5,10,16,19,34
2024-11-05,1,6,28,41,44
2024-11-04,10,16,17,30,39
2024-11-03,3,12,21,34,40
2024-11-02,7,14,22,30,38
2024-11-01,7,10,11,39,41
2024-10-31,4,22,28,39,43
2024-10-30,15,22,24,37,40
2024-10-29,10,13,15,20,25
2024-10-28,2,3,7,12,43
2024-10-27,12,19,22,23,39
2024-10-26,9,14,22,23,31
2024-10-25,3,21,34,36,44
2024-10-24,8,13,23,24,25
2024-10-23,1,12,24,44,45
2024-10-22,3,4,15,22,35
2024-10-21,16,22,26,41,45
2024-10-20,1,16,18,30,40
2024-10-19,22,23,35,36,38
2024-10-18,9,15,19,25,36
2024-10-17,13,14,17,18,21
2024-10-16,19,26,27,31,38
2024-10-15,18,19,28,38,40
2024-10-14,4,11,15,26,32
2024-10-13,3,8,24,38,43
2024-10-12,8,21,28,34,44
2024-10-11,6,17,26,33,45
2024-10-10,20,32,35,41,45
2024-10-09,2,12,19,30,43
2024-10-08,15,22,38,40,45
2024-10-07,3,11,30,31,42
2024-10-06,1,17,20,29,30
2024-10-05,10,33,40,42,44
2024-10-04,12,16,24,29,37
2024-10-03,1,5,8,16,44
2024-10-02,7,29,32,38,45
2024-10-01,9,20,23,29,44
2024-09-30,3,4,10,12,32
2024-09-29,6,31,33,34,37
2024-09-28,23,24,27,31,32
2024-09-27,3,5,19,21,23
2024-09-26,14,18,28,40,45
2024-09-25,21,32,38,40,41
2024-09-24,6,8,19,39,43
2024-09-23,12,19,20,39,44
2024-09-22,2,3,4,24,28
2024-09-21,4,15,18,35,42
2024-09-20,4,7,8,36,38
2024-09-19,13,16,19,38,39
2024-09-18,16,20,23,28,35
2024-09-17,6,12,18,20,30
2024-09-16,3,8,10,36,45
2024-09-15,15,21,26,28,29
2024-09-14,10,11,22,24,35
2024-09-13,17,26,28,36,45
2024-09-12,2,25,30,34,41
2024-09-11,2,24,34,42,45
2024-09-10,4,11,26,41,45
2024-09-09,6,16,22,23,33
2024-09-08,3,11,21,23,37
2024-09-07,23,25,33,34,35
2024-09-06,24,26,35,37,44
2024-09-05,15,19,28,30,45
2024-09-04,4,7,8,16,40
2024-09-03,5,13,19,34,44
2024-09-02,22,26,28,29,31
2024-09-01,1,4,21,39,44
2024-08-31,11,14,22,23,36
2024-08-30,2,7,12,25,33
2024-08-29,6,18,25,27,32
2024-08-28,9,13,14,19,33
2024-08-27,2,22,23,30,35
2024-08-26,14,20,28,30,38
2024-08-25,6,32,35,40,41
2024-08-24,8,10,18,37,43
2024-08-23,6,16,21,25,31
2024-08-22,17,20,36,40,43
2024-08-21,1,11,12,31,45
2024-08-20,1,11,21,34,41
2024-08-19,16,22,27,42,43
2024-08-18,14,16,20,31,39
2024-08-17,8,12,25,30,39
2024-08-16,4,11,21,31,42
2024-08-15,25,28,34,38,44
2024-08-14,7,11,14,26,42
2024-08-13,1,2,3,22,38
2024-08-12,2,8,14,15,45
2024-08-11,9,23,26,35,36
2024-08-10,3,11,13,23,24
2024-08-09,2,5,19,26,28
2024-08-08,8,13,15,28,41
2024-08-07,10,11,26,34,41
2024-08-06,2,10,11,19,35
2024-08-05,9,20,24,25,37
2024-08-04,6,12,30,32,43
2024-08-03,2,4,6,15,34
2024-08-02,5,9,27,30,31
2024-08-01,11,18,23,30,44
2024-07-31,8,23,37,43,45
2024-07-30,23,28,33,36,39
2024-07-29,17,24,40,43,44
2024-07-28,8,26,28,34,43
2024-07-27,11,16,25,43,44
2024-07-26,4,16,26,34,35
2024-07-25,1,6,18,21,23
2024-07-24,5,11,20,24,28
2024-07-23,4,12,25,34,36
2024-07-22,1,3,26,29,36
2024-07-21,15,23,27,38,45
2024-07-20,5,15,18,26,40
2024-07-19,3,29,31,32,45
2024-07-18,5,14,27,36,37
2024-07-17,5,15,19,28,38
2024-07-16,5,8,32,35,38
2024-07-15,21,29,35,36,43
2024-07-14,15,23,27,28,37
2024-07-13,11,15,18,25,38
2024-07-12,14,15,19,34,40
2024-07-11,1,2,5,6,17
2024-07-10,2,12,17,40,45
2024-07-09,21,25,32,34,41
2024-07-08,1,9,20,30,34
2024-07-07,4,6,10,27,45
2024-07-06,8,9,14,18,30
2024-07-05,17,24,29,36,44
2024-07-04,23,28,30,38,42
2024-07-03,3,7,11,22,45
2024-07-02,17,19,35,42,43
2024-07-01,13,37,38,43,45
2024-06-30,5,7,13,23,40
2024-06-29,4,20,41,42,44
2024-06-28,16,18,21,38,44
2024-06-27,8,16,36,37,39
2024-06-26,3,5,16,36,37
2024-06-25,3,12,17,39,41
2024-06-24,1,2,25,28,38
2024-06-23,3,6,20,26,38
2024-06-22,11,15,29,36,37
2024-06-21,13,16,28,33,36
2024-06-20,11,32,35,42,45
2024-06-19,7,21,24,26,30
2024-06-18,7,13,19,29,30
2024-06-17,4,11,31,34,45
2024-06-16,5,11,26,30,44
2024-06-15,11,25,29,39,40
2024-06-14,4,5,6,7,10
2024-06-13,4,8,23,27,41
2024-06-12,10,12,22,26,38
2024-06-11,12,18,31,33,38
2024-06-10,15,27,28,30,39
2024-06-09,2,9,25,30,36
2024-06-08,8,21,25,36,41
2024-06-07,9,15,32,35,42
2024-06-06,16,24,32,43,45
2024-06-05,17,21,27,34,44
2024-06-04,6,11,27,40,43
2024-06-03,1,2,11,14,44
2024-06-02,13,22,31,33,43
2024-06-01,10,20,22,36,39
2024-05-31,5,14,29,35,36
2024-05-30,1,14,28,30,44
2024-05-29,11,12,13,14,22
2024-05-28,8,28,35,40,45
2024-05-27,7,24,29,35,42
2024-05-26,1,14,26,29,39
2024-05-25,3,7,10,20,45
2024-05-24,1,2,24,33,44
2024-05-23,4,12,36,44,45
2024-05-22,6,27,32,37,39
2024-05-21,23,24,36,41,42
2024-05-20,3,8,26,27,28
2024-05-19,7,21,29,30,34
2024-05-18,1,15,19,31,39
2024-05-17,4,13,28,32,45
2024-05-16,1,9,15,32,40
2024-05-15,9,21,22,29,33
2024-05-14,7,12,21,39,42
2024-05-13,11,15,19,27,42
2024-05-12,1,5,19,40,41
2024-05-11,8,15,24,25,27
2024-05-10,8,25,28,31,42
2024-05-09,1,4,25,36,43
2024-05-08,6,21,36,42,44
2024-05-07,3,29,32,39,42
2024-05-06,4,10,11,17,31
2024-05-05,5,12,13,30,31
2024-05-04,1,5,13,28,41
2024-05-03,10,22,24,30,39
2024-05-02,1,6,19,32,37
2024-05-01,4,11,17,36,44
2024-04-30,1,2,16,32,38
2024-04-29,26,32,37,40,43
2024-04-28,3,6,14,34,44
2024-04-27,36,40,41,42,45
2024-04-26,1,8,15,21,30
2024-04-25,5,7,15,25,42
2024-04-24,8,9,11,18,26
2024-04-23,2,6,16,26,36
2024-04-22,3,30,37,41,44
2024-04-21,11,12,13,16,42
2024-04-20,1,8,19,25,42
2024-04-19,16,21,23,33,43
2024-04-18,11,21,26,30,33
2024-04-17,18,20,23,32,34
2024-04-16,5,17,18,19,40
2024-04-15,7,24,30,34,41
2024-04-14,7,18,29,42,43
2024-04-13,1,23,28,40,41
2024-04-12,3,11,16,34,35
2024-04-11,9,13,35,40,44
2024-04-10,4,12,14,33,34
2024-04-09,3,10,14,24,34
2024-04-08,9,14,26,35,39
2024-04-07,5,17,18,25,27
2024-04-06,12,17,22,41,45
2024-04-05,23,25,28,31,44
2024-04-04,34,36,37,42,44
2024-04-03,14,19,35,41,42
2024-04-02,5,26,39,41,42
2024-04-01,9,19,25,36,40
2024-03-31,8,11,33,36,43
2024-03-30,5,6,13,24,40
2024-03-29,2,13,21,43,44
2024-03-28,8,19,21,32,42
2024-03-27,2,4,7,37,42
2024-03-26,5,19,22,32,42
2024-03-25,6,10,14,17,31
2024-03-24,24,34,36,38,40
2024-03-23,6,11,26,29,35
2024-03-22,4,20,26,28,29
2024-03-21,4,9,22,24,39
2024-03-20,1,10,15,24,38
2024-03-19,2,4,17,22,34
2024-03-18,13,19,23,28,36
2024-03-17,14,22,23,27,32
2024-03-16,6,8,25,27,38
2024-03-15,1,15,16,20,41
2024-03-14,1,21,25,39,43
2024-03-13,10,11,17,23,38
2024-03-12,13,18,20,21,26
2024-03-11,17,18,21,40,41
2024-03-10,5,11,14,24,27
2024-03-09,4,12,13,28,40
2024-03-08,1,27,28,32,33
2024-03-07,7,19,24,33,45
2024-03-06,8,12,21,36,37
2024-03-05,15,24,28,32,38
2024-03-04,3,15,23,37,41
2024-03-03,5,16,25,27,33
2024-03-02,18,19,22,38,44
2024-03-01,10,11,13,35,42
2024-02-29,8,17,19,26,36
2024-02-28,7,9,11,36,42
2024-02-27,2,18,26,29,34
2024-02-26,2,17,18,36,37
2024-02-25,10,13,16,34,38
2024-02-24,9,13,14,26,33
2024-02-23,9,10,20,23,24
2024-02-22,1,15,30,33,43
2024-02-21,1,8,21,22,28
2024-02-20,1,27,32,40,44
2024-02-19,3,20,25,34,41
2024-02-18,3,5,20,29,43
2024-02-17,4,5,12,21,45
2024-02-16,4,18,21,24,35
2024-02-15,1,6,12,35,45
2024-02-14,2,7,23,32,45
2024-02-13,2,12,13,21,27
2024-02-12,14,18,22,23,32
2024-02-11,3,9,13,27,45
2024-02-10,2,4,8,24,42
2024-02-09,11,18,23,27,31
2024-02-08,1,16,18,27,37
2024-02-07,4,7,29,39,45
2024-02-06,22,23,27,30,34
2024-02-05,17,24,30,35,43
2024-02-04,1,20,22,31,42
2024-02-03,13,15,22,38,42
2024-02-02,6,28,39,42,44
2024-02-01,9,20,30,44,45
2024-01-31,6,17,28,35,44
2024-01-30,7,11,14,17,43
2024-01-29,6,8,15,17,27
2024-01-28,8,12,16,24,29
2024-01-27,8,24,26,33,34
2024-01-26,16,19,21,31,43
2024-01-25,18,24,27,33,41
2024-01-24,5,10,21,26,37
2024-01-23,4,16,21,27,35
2024-01-22,9,18,20,41,42
2024-01-21,1,13,39,41,42
2024-01-20,19,35,38,41,44
2024-01-19,4,12,18,38,39
2024-01-18,21,24,25,36,45
2024-01-17,10,22,30,33,38
2024-01-16,9,24,25,28,35
2024-01-15,1,4,30,33,44
2024-01-14,7,19,20,24,38
2024-01-13,14,29,30,41,42
2024-01-12,11,23,30,37,39
2024-01-11,9,14,23,35,37
2024-01-10,24,28,29,30,38
2024-01-09,1,5,9,11,29
2024-01-08,6,14,29,33,43
2024-01-07,2,6,17,24,45
2024-01-06,4,16,33,34,40
2024-01-05,3,6,8,18,32
2024-01-04,7,13,26,31,39
2024-01-03,4,5,9,12,38
2024-01-02,8,25,26,27,44
2024-01-01,9,16,35,42,43
2023-12-31,2,6,7,32,42
2023-12-30,11,19,25,29,36
2023-12-29,17,18,30,37,45
2023-12-28,9,15,25,30,35
2023-12-27,4,5,27,30,34
2023-12-26,13,14,21,25,28
2023-12-25,3,8,23,25,45
2023-12-24,2,12,21,37,39
2023-12-23,1,3,7,10,43
2023-12-22,3,7,19,21,40
2023-12-21,18,27,28,35,38
2023-12-20,6,7,10,20,26
2023-12-19,4,5,22,31,33
2023-12-18,2,16,18,40,43
2023-12-17,1,14,28,33,40
2023-12-16,8,26,35,40,42
2023-12-15,12,18,29,41,43
2023-12-14,2,17,19,28,31
2023-12-13,9,13,24,26,36
2023-12-12,9,10,11,39,42
2023-12-11,20,22,35,37,43
2023-12-10,12,30,31,35,41
2023-12-09,3,16,24,33,41
2023-12-08,4,13,22,24,38
2023-12-07,22,24,25,35,38
2023-12-06,11,18,24,34,35
2023-12-05,13,18,29,39,43
2023-12-04,2,7,18,21,40
2023-12-03,2,13,22,38,39
2023-12-02,5,8,15,16,40
2023-12-01,6,14,15,28,31
2023-11-30,21,27,32,37,39
2023-11-29,7,16,23,34,35
2023-11-28,6,15,22,33,38
2023-11-27,5,17,38,39,44
2023-11-26,14,15,21,26,31
2023-11-25,4,5,20,34,39
2023-11-24,15,17,18,34,38
2023-11-23,7,31,34,38,41
2023-11-22,4,16,22,23,31
2023-11-21,10,20,21,41,43
2023-11-20,8,15,30,34,43
2023-11-19,7,20,26,31,43
2023-11-18,3,6,19,26,37
2023-11-17,11,15,36,39,44
2023-11-16,7,10,24,30,43
2023-11-15,9,16,20,24,41
2023-11-14,12,16,20,29,42
2023-11-13,7,17,22,29,31
2023-11-12,15,28,42,43,45
2023-11-11,1,6,8,35,43
2023-11-10,17,24,32,39,44
2023-11-09,8,19,22,27,33
2023-11-08,4,6,10,24,42
2023-11-07,5,27,28,31,41
2023-11-06,8,34,38,39,43
2023-11-05,10,30,36,39,40
2023-11-04,17,21,26,34,39
2023-11-03,6,11,17,29,42
2023-11-02,2,4,8,26,34
2023-11-01,1,15,19,23,27
2023-10-31,3,4,8,12,14
2023-10-30,18,20,24,28,43
2023-10-29,4,6,19,36,43
2023-10-28,11,13,18,25,44
2023-10-27,5,12,21,23,30
2023-10-26,1,4,28,31,40
2023-10-25,5,7,13,33,44
2023-10-24,3,5,26,27,38
2023-10-23,15,17,22,27,39
2023-10-22,3,23,29,34,44
2023-10-21,9,12,21,30,39
2023-10-20,5,21,22,41,42
2023-10-19,11,28,38,43,45
2023-10-18,7,8,21,37,40
2023-10-17,19,20,29,32,41
2023-10-16,6,19,23,36,37
2023-10-15,16,21,27,41,44
2023-10-14,16,24,27,36,39
2023-10-13,2,13,19,22,25
2023-10-12,4,25,37,40,42
2023-10-11,16,18,24,30,32
2023-10-10,9,15,22,30,44
2023-10-09,8,12,15,37,41
2023-10-08,3,16,21,28,41
2023-10-07,6,11,20,43,44
2023-10-06,5,8,13,20,21
2023-10-05,19,21,24,25,33
2023-10-04,16,20,23,30,34
2023-10-03,2,5,7,34,39
2023-10-02,4,15,19,31,40
2023-10-01,8,22,26,30,35
2023-09-30,11,17,18,23,41
2023-09-29,6,14,15,41,43
2023-09-28,1,11,20,29,33
2023-09-27,9,13,20,31,33
2023-09-26,19,23,28,31,42
2023-09-25,6,17,19,36,41
2023-09-24,7,9,12,16,30
2023-09-23,4,6,10,44,45
2023-09-22,9,36,38,40,45
2023-09-21,15,21,35,43,45
2023-09-20,2,12,21,35,45
2023-09-19,7,20,21,31,43
2023-09-18,2,3,12,22,37
2023-09-17,5,10,13,31,39
2023-09-16,24,27,28,35,43
2023-09-15,19,25,27,36,39
2023-09-14,2,22,25,41,45
2023-09-13,4,5,12,30,44
2023-09-12,9,17,23,39,45
2023-09-11,2,6,13,32,42
2023-09-10,2,4,8,20,32
2023-09-09,4,8,12,24,29
2023-09-08,25,26,29,42,44
2023-09-07,1,8,20,26,44
2023-09-06,2,6,26,27,34
2023-09-05,2,13,24,39,45
2023-09-04,6,10,17,20,43
2023-09-03,5,18,26,29,37
2023-09-02,2,5,9,31,39
2023-09-01,16,24,32,40,45
2023-08-31,16,31,33,37,42
2023-08-30,3,24,34,42,44
2023-08-29,11,20,22,28,37
2023-08-28,12,15,31,35,38
2023-08-27,9,22,26,28,33
2023-08-26,6,8,26,39,40
2023-08-25,21,26,38,41,44
2023-08-24,3,12,15,32,45
2023-08-23,6,15,16,26,33
2023-08-22,31,33,36,41,45
2023-08-21,11,26,38,44,45
2023-08-20,13,19,26,29,37
2023-08-19,8,23,25,32,37
2023-08-18,4,11,26,34,39
2023-08-17,7,11,22,28,29
2023-08-16,1,5,13,26,44
2023-08-15,7,25,37,38,45
2023-08-14,4,7,21,25,39
2023-08-13,9,19,30,41,45
2023-08-12,12,16,23,28,43
2023-08-11,11,18,25,38,42
2023-08-10,10,11,19,21,31
2023-08-09,8,10,27,32,43
2023-08-08,12,17,21,27,45
2023-08-07,8,12,18,28,45
2023-08-06,12,17,19,31,35
2023-08-05,1,13,20,30,44
2023-08-04,10,13,16,39,41
2023-08-03,7,17,24,30,35
2023-08-02,5,11,21,25,27
2023-08-01,7,22,29,34,42
2023-07-31,2,6,10,27,34
2023-07-30,1,17,20,28,37
2023-07-29,4,8,19,38,44
2023-07-28,5,18,25,33,39
2023-07-27,2,7,20,36,43
2023-07-26,13,18,36,37,41
2023-07-25,3,4,17,22,27
2023-07-24,8,11,21,28,42
2023-07-23,15,20,34,38,44
2023-07-22,1,19,28,39,41
2023-07-21,20,21,33,40,43
2023-07-20,15,23,30,40,44
2023-07-19,3,31,34,36,44
2023-07-18,1,6,15,36,40
2023-07-17,11,16,25,27,39
2023-07-16,20,22,36,38,43
2023-07-15,3,6,17,30,44
2023-07-14,3,7,28,32,45
2023-07-13,11,16,18,37,45
2023-07-12,1,7,20,22,39
2023-07-11,11,14,41,43,45
2023-07-10,7,20,38,42,44
2023-07-09,7,29,38,40,44
2023-07-08,18,24,31,33,37
2023-07-07,23,27,33,35,41
2023-07-06,19,22,26,33,40
2023-07-05,6,23,35,37,41
2023-07-04,1,7,19,20,27
2023-07-03,4,15,18,35,42
2023-07-02,6,32,34,35,43
2023-07-01,10,30,35,37,41
2023-06-30,23,27,35,39,44
2023-06-29,2,3,4,41,42
2023-06-28,3,8,9,30,37
2023-06-27,6,9,25,30,35
2023-06-26,1,12,13,23,26
2023-06-25,2,19,21,27,42
2023-06-24,1,23,38,41,44
2023-06-23,11,15,21,25,44
2023-06-22,2,7,43,44,45
2023-06-21,3,11,14,31,37
2023-06-20,5,20,33,37,44
2023-06-19,8,10,19,29,40
2023-06-18,8,22,27,31,37
2023-06-17,4,7,17,27,32
2023-06-16,11,31,37,41,43
2023-06-15,8,11,17,31,32
2023-06-14,9,15,24,27,35
2023-06-13,5,8,14,18,38
2023-06-12,3,4,17,22,31
2023-06-11,5,9,23,33,45
2023-06-10,2,16,20,29,36
2023-06-09,13,29,34,39,43
2023-06-08,11,12,30,36,43
2023-06-07,25,28,32,40,41
2023-06-06,6,15,41,43,44
2023-06-05,11,16,18,31,39
2023-06-04,17,31,32,41,45
2023-06-03,8,12,13,24,27
2023-06-02,4,12,13,17,41
2023-06-01,20,25,35,38,39
2023-05-31,3,10,15,17,45
2023-05-30,3,31,32,35,41
2023-05-29,5,8,16,25,40
2023-05-28,4,30,35,37,38
2023-05-27,9,13,19,22,31
2023-05-26,3,6,11,22,34
2023-05-25,18,25,33,36,44
2023-05-24,19,24,28,34,36
2023-05-23,9,13,26,35,40
2023-05-22,1,23,40,43,44
2023-05-21,2,15,36,39,42
2023-05-20,10,18,28,31,38
2023-05-19,3,14,23,26,36
2023-05-18,1,15,16,17,43
2023-05-17,7,9,29,31,42
2023-05-16,2,4,15,17,31
2023-05-15,6,11,19,21,23
2023-05-14,5,10,21,26,31
2023-05-13,2,7,9,15,43
2023-05-12,3,4,17,21,30
2023-05-11,6,11,18,19,39
2023-05-10,3,8,15,25,26
2023-05-09,3,9,15,18,31
2023-05-08,11,13,19,25,33
2023-05-07,15,18,38,39,40
2023-05-06,3,5,6,19,20
2023-05-05,7,10,23,33,43
2023-05-04,6,13,17,18,30
2023-05-03,22,31,34,39,42
2023-05-02,5,6,19,20,30
2023-05-01,10,14,17,23,40
2023-04-30,1,2,17,25,30
2023-04-29,8,10,21,32,40
2023-04-28,18,24,38,40,45
2023-04-27,15,21,30,33,44
2023-04-26,14,15,29,43,44
2023-04-25,23,31,36,38,42
2023-04-24,9,16,30,33,43
2023-04-23,27,32,33,41,43
2023-04-22,1,22,33,43,45
2023-04-21,20,23,27,31,45
2023-04-20,2,18,34,39,45
2023-04-19,5,7,17,26,33
2023-04-18,1,11,32,35,39
2023-04-17,8,13,23,36,38
2023-04-16,14,17,21,22,45
2023-04-15,7,17,22,28,39
2023-04-14,16,21,34,36,40
2023-04-13,26,27,38,40,41
2023-04-12,1,8,11,14,19
2023-04-11,17,18,34,37,45
2023-04-10,6,12,23,29,40
2023-04-09,17,21,29,33,44
2023-04-08,8,31,39,44,45
2023-04-07,5,17,20,22,38
2023-04-06,1,2,4,12,15
2023-04-05,1,2,33,39,45
2023-04-04,6,12,23,28,32
2023-04-03,2,10,12,21,39
2023-04-02,5,12,20,35,41
2023-04-01,10,22,27,34,39
2023-03-31,17,30,33,35,39
2023-03-30,4,23,31,32,33
2023-03-29,3,15,28,32,40
2023-03-28,14,17,20,41,43
2023-03-27,5,6,34,40,42
2023-03-26,6,18,25,31,44
2023-03-25,10,13,18,33,34
2023-03-24,16,24,29,40,43
2023-03-23,3,5,19,26,28
2023-03-22,4,23,30,34,38
2023-03-21,2,8,29,33,34
2023-03-20,6,12,17,33,39
2023-03-19,3,6,8,25,39
2023-03-18,3,13,22,31,36
2023-03-17,7,11,18,26,45
2023-03-16,17,23,28,33,44
2023-03-15,17,26,30,40,42
2023-03-14,17,19,20,34,39
2023-03-13,7,11,12,33,42
2023-03-12,7,35,36,41,42
2023-03-11,17,24,36,37,44
2023-03-10,3,4,23,26,27
2023-03-09,1,11,16,32,39
2023-03-08,3,20,27,34,41
2023-03-07,9,11,31,41,42
2023-03-06,8,10,16,28,43
2023-03-05,9,14,31,33,39
2023-03-04,4,11,22,31,32
2023-03-03,7,31,35,36,40
2023-03-02,27,35,38,41,44
2023-03-01,3,12,13,16,27
2023-02-28,10,17,19,22,29
2023-02-27,9,31,32,35,39
2023-02-26,11,28,29,36,38
2023-02-25,6,7,11,22,28
2023-02-24,7,34,35,36,38
2023-02-23,4,24,28,32,36
2023-02-22,3,6,8,20,21
2023-02-21,16,32,35,38,44
2023-02-20,15,24,25,38,42
2023-02-19,11,12,21,26,39
2023-02-18,2,19,23,39,45
2023-02-17,18,32,37,39,42
2023-02-16,6,11,15,26,42
2023-02-15,9,10,12,16,33
2023-02-14,11,17,35,43,44
2023-02-13,13,16,21,30,37
2023-02-12,3,13,17,35,41
2023-02-11,3,4,6,26,41
2023-02-10,13,28,35,40,44
2023-02-09,21,24,36,37,40
2023-02-08,9,15,18,30,39
2023-02-07,7,15,19,31,39
2023-02-06,10,21,23,31,39
2023-02-05,7,22,32,33,39
2023-02-04,6,7,16,41,45
2023-02-03,2,7,9,19,44
2023-02-02,10,25,30,36,44
2023-02-01,1,3,9,26,41
2023-01-31,3,4,16,20,27
2023-01-30,1,10,23,37,44
2023-01-29,6,7,22,28,41
2023-01-28,3,10,11,26,36
2023-01-27,6,29,30,32,36
2023-01-26,12,13,26,39,40
2023-01-25,1,11,13,17,35
2023-01-24,18,28,34,35,41
2023-01-23,16,22,24,30,37
2023-01-22,8,9,15,23,39
2023-01-21,1,5,7,9,14
2023-01-20,1,2,4,7,22
2023-01-19,2,13,16,30,38
2023-01-18,11,25,34,42,45
2023-01-17,17,22,25,37,45
2023-01-16,15,21,26,27,29
2023-01-15,8,10,15,26,36
2023-01-14,2,12,16,17,33
2023-01-13,21,23,24,27,37
2023-01-12,7,24,37,40,44
2023-01-11,8,23,24,30,38
2023-01-10,7,15,25,36,42
2023-01-09,2,17,20,22,42
2023-01-08,3,11,35,36,40
2023-01-07,8,9,24,28,35
2023-01-06,7,12,34,38,45
2023-01-05,11,38,41,42,43
2023-01-04,10,22,26,43,44
2023-01-03,7,9,24,25,27
2023-01-02,3,8,28,31,33
2023-01-01,9,16,20,24,25
2022-12-31,7,10,15,17,36
2022-12-30,6,8,11,25,26
2022-12-29,10,15,26,29,35
2022-12-28,4,8,31,32,42
2022-12-27,6,18,25,29,32
2022-12-26,4,13,16,33,39
2022-12-25,11,13,35,36,37
2022-12-24,2,12,30,31,34
2022-12-23,10,23,27,43,45
2022-12-22,3,20,29,35,44
2022-12-21,5,13,17,24,29
2022-12-20,13,17,40,42,45
2022-12-19,16,29,31,36,40
2022-12-18,14,20,30,40,45
2022-12-17,8,25,36,43,44
2022-12-16,5,11,22,27,37
2022-12-15,1,27,33,44,45
2022-12-14,6,26,29,30,40
2022-12-13,9,18,29,32,37
2022-12-12,10,13,18,20,39
2022-12-11,2,15,21,22,27
2022-12-10,14,20,21,30,43
2022-12-09,8,26,36,39,41
2022-12-08,5,13,23,32,39
2022-12-07,11,12,14,37,45
2022-12-06,2,13,20,32,42
2022-12-05,5,6,10,32,38
2022-12-04,19,25,26,35,37
2022-12-03,21,24,29,33,38
2022-12-02,12,16,18,21,41
2022-12-01,7,13,20,33,38
2022-11-30,10,13,25,40,45
2022-11-29,6,13,24,26,45
2022-11-28,8,10,27,35,45
2022-11-27,9,13,19,29,33
2022-11-26,13,22,23,24,36
2022-11-25,15,34,36,38,42
2022-11-24,6,13,21,25,44
2022-11-23,3,12,20,23,34
2022-11-22,11,24,25,30,41
2022-11-21,3,8,12,19,29
2022-11-20,2,13,32,37,38
2022-11-19,4,10,25,39,40
2022-11-18,1,5,20,23,41
2022-11-17,7,34,36,39,41
2022-11-16,15,16,17,26,30
2022-11-15,13,16,20,30,32
2022-11-14,6,14,19,23,26
2022-11-13,5,15,16,29,45
2022-11-12,10,15,20,28,43
2022-11-11,7,21,24,29,31
2022-11-10,10,22,37,38,39
2022-11-09,8,17,21,39,44
2022-11-08,4,21,22,24,39
2022-11-07,3,7,16,19,27
2022-11-06,6,15,24,38,43
2022-11-05,2,11,24,37,40
2022-11-04,2,34,35,37,43
2022-11-03,15,17,34,36,38
2022-11-02,7,16,18,34,44
2022-11-01,11,12,19,21,31
2022-10-31,4,11,14,16,40
2022-10-30,20,22,23,41,42
2022-10-29,13,21,22,23,29
2022-10-28,8,19,22,34,37
2022-10-27,5,11,14,23,31
2022-10-26,11,30,33,37,45
2022-10-25,1,24,31,33,36
2022-10-24,12,22,39,43,45
2022-10-23,11,23,27,42,43
2022-10-22,2,6,8,35,37
2022-10-21,1,5,21,27,36
2022-10-20,4,7,28,33,34
2022-10-19,2,13,14,42,45
2022-10-18,7,17,19,28,45
2022-10-17,9,14,17,28,45
2022-10-16,24,32,41,42,45
2022-10-15,9,10,35,37,39
2022-10-14,4,12,23,31,36
2022-10-13,12,23,24,29,39
2022-10-12,2,14,28,38,40
2022-10-11,6,20,25,32,35
2022-10-10,3,6,21,35,40
2022-10-09,16,17,33,35,44
2022-10-08,23,25,31,35,42
2022-10-07,5,7,19,20,34
2022-10-06,5,22,25,40,45
2022-10-05,8,14,23,42,45
2022-10-04,6,17,19,25,42
2022-10-03,9,26,27,44,45
2022-10-02,5,25,26,31,32
2022-10-01,2,5,11,24,42
2022-09-30,22,6,8,7,16
2022-09-29,2,6,14,18,45
2022-09-28,5,11,12,24,30
2022-09-27,8,19,24,31,35
2022-09-26,7,17,28,39,41
2022-09-25,1,10,13,28,44
2022-09-24,9,15,22,27,42
2022-09-23,7,17,36,37,45
2022-09-22,9,15,19,40,41
2022-09-21,6,27,31,33,34
2022-09-20,2,8,20,30,36
2022-09-19,11,19,27,39,45
2022-09-18,9,12,33,39,45
2022-09-17,4,10,22,28,30
2022-09-16,3,20,29,38,42
2022-09-15,16,18,19,25,44
2022-09-14,17,24,27,36,38
2022-09-13,2,29,33,39,44
2022-09-12,13,20,27,40,42
2022-09-11,7,34,37,40,43
2022-09-10,9,25,26,28,40
2022-09-09,6,7,9,27,42
2022-09-08,18,22,31,33,38
2022-09-07,5,16,17,20,31
2022-09-06,8,13,26,32,45
2022-09-05,1,8,15,20,42
2022-09-04,3,8,15,20,37
2022-09-03,12,13,22,29,36
2022-09-02,4,13,30,42,45
2022-09-01,12,13,19,26,28
2022-08-31,2,7,24,34,45
2022-08-30,9,15,16,29,43
2022-08-29,7,8,22,24,27
2022-08-28,3,8,14,15,22
2022-08-27,2,16,18,37,45
2022-08-26,5,16,28,33,44
2022-08-25,19,22,23,25,34
2022-08-24,5,6,32,36,44
2022-08-23,4,15,23,24,31
2022-08-22,9,24,33,35,40
2022-08-21,21,24,28,36,45
2022-08-20,2,24,27,29,39
2022-08-19,13,30,31,33,34
2022-08-18,6,7,11,14,36
2022-08-17,1,14,33,37,44
2022-08-16,11,36,37,39,42
2022-08-15,2,13,26,31,34
2022-08-14,12,16,24,29,34
2022-08-13,31,33,35,36,41
2022-08-12,2,14,19,33,43
2022-08-11,9,30,33,36,39
2022-08-10,19,25,37,38,41
2022-08-09,2,15,26,29,40
2022-08-08,10,22,31,33,37
2022-08-07,2,7,15,17,26
2022-08-06,7,14,15,34,42
2022-08-05,4,34,41,43,45
2022-08-04,6,17,25,37,38
2022-08-03,7,10,31,41,45
2022-08-02,11,16,17,30,39
2022-08-01,8,9,23,37,43
2022-07-31,16,22,24,28,41
2022-07-30,24,25,32,34,41
2022-07-29,2,7,18,20,32
2022-07-28,8,10,16,26,38
2022-07-27,2,17,28,36,43
2022-07-26,7,9,34,41,43
2022-07-25,2,10,12,27,30
2022-07-24,3,13,17,18,27
2022-07-23,10,15,22,30,38
2022-07-22,15,21,29,32,39
2022-07-21,7,8,11,18,28
2022-07-20,6,13,15,18,34
2022-07-19,6,10,12,24,30
2022-07-18,2,11,16,17,41
2022-07-17,3,11,14,23,27
2022-07-16,6,8,16,17,28
2022-07-15,7,16,29,32,34
2022-07-14,4,11,27,35,38
2022-07-13,2,22,26,36,42
2022-07-12,2,7,15,28,41
2022-07-11,10,25,30,32,33
2022-07-10,9,11,13,21,44
2022-07-09,18,19,38,43,45
2022-07-08,5,22,28,43,45
2022-07-07,1,5,11,19,22
2022-07-06,2,11,15,16,35
2022-07-05,6,7,13,14,15
2022-07-04,7,10,20,29,39
2022-07-03,20,28,32,38,43
2022-07-02,15,26,27,36,38
2022-07-01,8,21,40,41,45
2022-06-30,1,23,26,36,44
2022-06-29,5,9,16,17,28
2022-06-28,18,19,34,44,45
2022-06-27,4,9,14,22,24
2022-06-26,16,17,20,30,42
2022-06-25,10,15,16,19,42
2022-06-24,2,5,24,31,35
2022-06-23,1,16,24,29,43
2022-06-22,6,14,15,27,34
2022-06-21,8,11,18,22,37
2022-06-20,22,25,31,35,38
2022-06-19,5,17,18,21,23
2022-06-18,10,13,27,40,45
2022-06-17,5,8,11,15,30
2022-06-16,2,3,6,13,25
2022-06-15,14,27,36,38,39
2022-06-14,11,12,14,22,38
2022-06-13,3,11,30,35,36
2022-06-12,1,2,3,4,40
2022-06-11,9,24,28,37,40
2022-06-10,9,17,29,31,34
2022-06-09,22,25,29,39,44
2022-06-08,5,24,28,39,43
2022-06-07,8,23,24,35,37
2022-06-06,8,11,15,25,32
2022-06-05,15,24,32,40,45
2022-06-04,6,16,17,18,42
2022-06-03,1,2,9,20,45
2022-06-02,4,15,17,22,36
2022-06-01,1,20,28,41,42
2022-05-31,2,5,10,12,15
2022-05-30,1,26,35,42,44
2022-05-29,29,33,38,39,45
2022-05-28,7,13,15,32,33
2022-05-27,5,10,27,28,39
2022-05-26,1,2,9,13,45
2022-05-25,5,8,18,36,40
2022-05-24,10,24,27,29,44
2022-05-23,21,29,34,43,44
2022-05-22,1,2,15,16,28
2022-05-21,8,14,19,22,31
2022-05-20,1,17,30,37,44
2022-05-19,7,9,15,18,31
2022-05-18,5,26,27,29,43
2022-05-17,1,9,25,37,38
2022-05-16,2,5,7,11,23
2022-05-15,1,10,15,35,43
2022-05-14,1,11,37,39,41
2022-05-13,8,16,30,34,38
2022-05-12,4,26,39,41,42
2022-05-11,9,11,18,35,41
2022-05-10,1,11,22,41,44
2022-05-09,18,21,22,25,43
2022-05-08,2,10,20,24,37
2022-05-07,2,7,19,34,36
2022-05-06,12,19,39,40,43
2022-05-05,15,31,33,42,45
2022-05-04,4,7,18,28,38
2022-05-03,20,21,27,30,37
2022-05-02,4,16,17,22,45
2022-05-01,6,29,33,35,44
2022-04-30,8,21,28,41,45
2022-04-29,16,24,34,43,45
2022-04-28,4,16,28,31,33
2022-04-27,9,14,19,32,40
2022-04-26,7,26,34,37,39
2022-04-25,13,24,27,32,37
2022-04-24,1,5,16,41,42
2022-04-23,13,28,29,41,45
2022-04-22,3,17,20,32,35
2022-04-21,15,25,33,34,44
2022-04-20,4,7,12,40,44
2022-04-19,1,18,25,32,45
2022-04-18,12,14,15,28,32
2022-04-17,6,14,16,29,41
2022-04-16,12,25,26,27,45
2022-04-15,7,23,26,32,36
2022-04-14,1,5,23,30,36
2022-04-13,1,14,16,33,36
2022-04-12,7,8,13,23,42
2022-04-11,3,10,14,40,42
2022-04-10,2,12,18,20,32
2022-04-09,7,24,32,42,43
2022-04-08,2,10,18,21,31
2022-04-07,14,18,20,26,38
2022-04-06,10,15,18,20,41
2022-04-05,2,3,14,33,45
2022-04-04,12,13,14,21,34
2022-04-03,8,32,35,36,41
2022-04-02,10,14,34,43,44
2022-04-01,8,16,25,32,34
2022-03-31,2,5,11,13,22
2022-03-30,6,11,19,29,35
2022-03-29,10,28,31,34,40
2022-03-28,11,14,20,23,43
2022-03-27,8,16,19,26,41
2022-03-26,26,28,33,37,40
2022-03-25,16,27,34,38,42
2022-03-24,6,7,11,18,40
2022-03-23,14,15,17,23,41
2022-03-22,19,23,39,41,42
2022-03-21,9,19,34,36,42
2022-03-20,12,14,19,23,37
2022-03-19,1,12,21,34,44
2022-03-18,8,24,27,28,29
2022-03-17,10,14,19,25,36
2022-03-16,10,17,31,34,39
2022-03-15,7,9,23,26,29
2022-03-14,7,10,18,27,28
2022-03-13,3,16,25,31,44
2022-03-12,2,6,17,18,39
2022-03-11,2,7,27,31,42
2022-03-10,13,21,24,28,38
2022-03-09,4,11,12,21,26
2022-03-08,11,14,18,29,42
2022-03-07,4,5,14,20,37
2022-03-06,5,8,19,30,31
2022-03-05,2,9,36,41,45
2022-03-04,3,6,24,36,41
2022-03-03,27,28,30,33,36
2022-03-02,3,9,21,22,24
2022-03-01,9,10,17,22,37
2022-02-28,7,11,19,22,43
2022-02-27,7,18,30,36,38
2022-02-26,9,10,11,36,45
2022-02-25,4,7,27,39,42
2022-02-24,22,33,35,40,44
2022-02-23,10,17,24,34,45
2022-02-22,2,19,22,23,35
2022-02-21,1,12,19,31,40
2022-02-20,1,7,9,10,41
2022-02-19,28,31,32,40,44
2022-02-18,8,28,30,39,42
2022-02-17,6,9,19,30,40
2022-02-16,10,19,25,33,41
2022-02-15,24,32,33,36,39
2022-02-14,4,9,10,12,28
2022-02-13,25,28,37,42,44
2022-02-12,4,9,20,26,41
2022-02-11,8,11,25,27,29
2022-02-10,12,27,29,38,39
2022-02-09,13,16,19,21,22
2022-02-08,29,31,32,39,45
2022-02-07,5,11,13,29,30
2022-02-06,7,8,18,35,38
2022-02-05,3,17,22,36,39
2022-02-04,3,22,26,32,45
2022-02-03,2,10,12,14,27
2022-02-02,5,11,19,43,45
2022-02-01,5,8,14,31,45
2022-01-31,3,10,18,24,32
2022-01-30,12,15,26,29,37
2022-01-29,6,18,21,23,36
2022-01-28,4,6,17,20,29
2022-01-27,13,17,18,35,42
2022-01-26,10,17,20,31,38
2022-01-25,4,15,26,32,40
2022-01-24,10,31,35,37,38
2022-01-23,2,6,13,19,36
2022-01-22,5,16,22,36,45
2022-01-21,6,21,35,40,42
2022-01-20,5,8,9,33,39
2022-01-19,8,11,22,23,35
2022-01-18,4,7,29,38,44
2022-01-17,4,10,16,38,41
2022-01-16,4,9,13,18,19
2022-01-15,1,8,17,23,45
2022-01-14,14,22,29,39,42
2022-01-13,1,17,21,24,40
2022-01-12,3,17,18,20,22
2022-01-11,2,17,29,35,36
2022-01-10,9,18,22,30,31
2022-01-09,3,14,30,32,41
2022-01-08,3,14,23,31,39
2022-01-07,3,13,18,23,37
2022-01-06,3,8,13,22,30
2022-01-05,3,13,16,23,27
2022-01-04,5,20,42,44,45
2022-01-03,14,17,27,31,44
2022-01-02,8,13,34,37,39
2022-01-01,3,6,12,25,26
2021-12-31,1,4,19,33,45
2021-12-30,17,20,25,34,36
2021-12-29,1,2,7,14,29
2021-12-28,4,7,10,12,15
2021-12-27,10,23,25,26,39
2021-12-26,5,7,11,22,30
2021-12-25,3,8,11,12,16
2021-12-24,5,11,18,35,40
2021-12-23,3,20,27,30,33
2021-12-22,6,12,14,23,35
2021-12-21,23,25,40,42,44
2021-12-20,12,17,24,34,45
2021-12-19,9,10,16,38,42
2021-12-18,11,20,34,37,39
2021-12-17,2,19,20,36,40
2021-12-16,5,13,18,19,45
2021-12-15,4,6,19,20,24
2021-12-14,11,12,16,37,42
2021-12-13,5,14,18,31,39
2021-12-12,20,21,33,38,42
2021-12-11,3,16,20,24,45
2021-12-10,8,10,25,43,45
2021-12-09,6,10,11,18,45
2021-12-08,2,7,20,28,38
2021-12-07,3,12,24,32,42
2021-12-06,3,7,14,23,29
2021-12-05,1,9,14,43,45
2021-12-04,7,14,16,25,37
2021-12-03,29,30,31,39,42
2021-12-02,12,24,39,42,43
2021-12-01,8,21,30,32,38
2021-11-30,5,13,28,30,33
2021-11-29,15,19,25,28,45
2021-11-28,3,10,18,31,33
2021-11-27,1,10,11,41,44
2021-11-26,9,13,26,40,42
2021-11-25,18,31,36,44,45
2021-11-24,4,17,22,39,40
2021-11-23,7,37,39,41,44
2021-11-22,9,12,13,31,40
2021-11-21,7,14,23,27,37
2021-11-20,14,17,27,34,35
2021-11-19,8,12,13,17,43
2021-11-18,7,18,21,40,44
2021-11-17,4,22,24,26,39
2021-11-16,1,6,12,23,40
2021-11-15,1,7,16,17,21
2021-11-14,21,31,32,33,39
2021-11-13,5,22,26,32,41
2021-11-12,22,33,39,43,44
2021-11-11,1,4,8,21,35
2021-11-10,6,9,20,36,44
2021-11-09,2,21,26,36,41
2021-11-08,1,11,12,33,44
2021-11-07,5,11,14,20,31
2021-11-06,1,27,31,34,41
2021-11-05,7,10,12,32,44
2021-11-04,5,28,37,39,45
2021-11-03,18,21,33,34,35
2021-11-02,9,19,30,31,36
2021-11-01,1,7,27,37,39
2021-10-31,5,8,9,29,45
2021-10-30,1,25,32,33,36
2021-10-29,3,10,11,22,40
2021-10-28,8,28,30,41,44
2021-10-27,3,9,16,33,45
2021-10-26,11,20,24,29,45
2021-10-25,5,8,9,17,30
2021-10-24,8,10,30,42,44
2021-10-23,11,13,14,16,22
2021-10-22,6,27,33,37,42
2021-10-21,1,6,11,17,19
2021-10-20,8,11,28,29,32
2021-10-19,8,12,25,26,45
2021-10-18,5,13,14,19,24
2021-10-17,4,12,29,36,39
2021-10-16,10,11,24,25,27
2021-10-15,14,23,31,38,43
2021-10-14,5,17,30,34,40
2021-10-13,19,22,24,29,34
2021-10-12,17,20,25,30,39
2021-10-11,2,7,11,18,19
2021-10-10,18,22,29,37,43
2021-10-09,18,19,23,28,30
2021-10-08,1,5,10,15,21
2021-10-07,1,20,26,27,29
2021-10-06,10,12,25,26,35
2021-10-05,6,7,34,35,45
2021-10-04,3,5,10,35,38
2021-10-03,6,11,14,22,40
2021-10-02,13,20,23,27,41
2021-10-01,5,13,31,38,44
2021-09-30,2,15,18,26,28
2021-09-29,5,9,34,36,44
2021-09-28,6,14,33,38,39
2021-09-27,16,17,20,27,44
2021-09-26,11,27,30,33,45
2021-09-25,3,7,30,33,34
2021-09-24,13,16,19,29,31
2021-09-23,5,7,33,38,45
2021-09-22,4,10,17,20,33
2021-09-21,12,28,29,33,35
2021-09-20,4,14,20,30,36
2021-09-19,1,15,17,28,42
2021-09-18,5,6,29,34,43
2021-09-17,15,31,35,39,44
2021-09-16,3,7,11,25,39
2021-09-15,1,5,22,32,45
2021-09-14,23,39,40,41,45
2021-09-13,3,33,35,40,45
2021-09-12,15,22,30,32,44
2021-09-11,6,14,18,23,37
2021-09-10,6,22,24,33,35
2021-09-09,4,6,10,15,33
2021-09-08,13,17,34,37,39
2021-09-07,2,7,27,34,39
2021-09-06,1,3,9,12,27
2021-09-05,7,26,37,39,41
2021-09-04,2,14,31,39,43
2021-09-03,2,6,30,35,37
2021-09-02,13,28,33,41,42
2021-09-01,14,17,25,34,35
2021-08-31,3,13,16,35,36
2021-08-30,1,17,20,31,43
2021-08-29,16,22,29,34,38
2021-08-28,2,12,14,29,32
2021-08-27,26,29,31,33,35
2021-08-26,9,16,21,24,27
2021-08-25,1,11,14,22,30
2021-08-24,11,13,24,30,35
2021-08-23,10,35,38,40,43
2021-08-22,3,7,27,32,35
2021-08-21,4,28,37,42,43
2021-08-20,5,21,23,37,38
2021-08-19,1,16,26,29,34
2021-08-18,1,9,12,39,42
2021-08-17,21,23,29,32,35
2021-08-16,4,10,14,36,44
2021-08-15,9,11,14,18,29
2021-08-14,7,8,13,15,35
2021-08-13,14,17,18,28,29
2021-08-12,12,32,38,40,44
2021-08-11,16,29,34,39,45
2021-08-10,3,17,18,25,31
2021-08-09,10,12,15,21,33
2021-08-08,10,24,31,43,44
2021-08-07,4,5,6,11,42
2021-08-06,2,3,11,13,20
2021-08-05,11,16,28,37,44
2021-08-04,17,23,26,31,40
2021-08-03,6,13,16,30,41
2021-08-02,10,13,17,20,29
2021-08-01,1,9,23,36,45
2021-07-31,3,17,22,25,39
2021-07-30,4,10,21,23,34
2021-07-29,11,21,36,39,41
2021-07-28,5,13,29,32,36
2021-07-27,3,22,25,36,38
2021-07-26,4,20,24,25,26
2021-07-25,3,11,17,18,31
2021-07-24,7,20,21,35,38
2021-07-23,5,11,16,24,27
2021-07-22,19,24,35,38,43
2021-07-21,6,11,18,30,40
2021-07-20,7,11,13,34,36
2021-07-19,9,10,19,22,43
2021-07-18,6,13,22,36,43
2021-07-17,3,10,18,19,36
2021-07-16,3,19,30,38,42
2021-07-14,9,16,21,24,39
2021-07-10,10,26,28,29,42
2021-07-07,15,19,23,35,41
2021-07-03,2,11,19,24,34
2021-06-30,6,12,36,42,45
2021-06-26,7,16,22,23,30
2021-06-23,2,3,6,11,36
2021-06-19,2,5,24,39,45
2021-06-16,5,9,17,27,34
2021-06-12,7,10,25,37,43
2021-06-09,12,27,31,38,39
2021-06-05,1,4,11,19,43
2021-06-02,4,19,26,30,40
2021-05-29,12,15,33,35,37
2021-05-26,11,18,25,32,37
2021-05-22,19,24,29,38,43
2021-05-19,1,11,12,13,23
2021-05-15,17,26,27,34,42
2021-05-12,1,3,8,11,38
2021-05-08,1,5,22,23,43
2021-05-05,3,11,26,36,45
2021-05-01,13,31,36,40,44
2021-04-28,17,19,26,28,33
2021-04-24,10,23,27,30,38
2021-04-21,1,27,30,33,41
2021-04-17,2,11,20,23,35
2021-04-14,1,5,10,11,24
2021-04-10,1,6,14,36,38
2021-04-07,17,18,24,28,32
2021-04-03,9,13,16,26,30
2021-03-31,5,6,21,24,42
2021-03-27,3,9,13,29,32
2021-03-24,15,22,25,35,38
2021-03-20,1,23,26,29,32
2021-03-17,2,11,18,21,23
2021-03-13,9,10,31,34,40
2021-03-10,5,8,32,34,36
2021-03-06,19,23,24,25,37
2021-03-03,9,11,16,26,28
2021-02-27,2,5,13,24,42
2021-02-24,2,4,21,29,39
2021-02-20,3,12,17,20,44
2021-02-17,20,22,23,27,32
2021-02-13,11,17,20,39,42
2021-02-10,7,9,29,32,41
2021-02-06,3,6,9,22,34
2021-02-03,2,13,15,34,35
2021-01-30,6,9,14,29,36
2021-01-27,3,17,25,33,43
2021-01-23,17,26,35,37,45
2021-01-20,3,5,17,24,26
2021-01-16,9,21,37,38,43
2021-01-13,13,22,39,40,45
2021-01-09,6,28,32,37,41
2021-01-06,8,13,38,41,45
2021-01-02,8,10,31,37,44
2020-12-30,8,9,13,23,38
2020-12-26,6,9,11,13,24
2020-12-23,3,12,13,23,29
2020-12-19,9,22,28,34,43
2020-12-16,3,14,26,29,33
2020-12-12,10,12,22,23,33
2020-12-09,7,11,31,38,44
2020-12-05,19,20,29,42,44
2020-12-02,4,7,11,23,44
2020-11-28,2,10,23,33,40
2020-11-25,4,12,29,36,43
2020-11-21,1,10,31,32,43
2020-11-18,23,27,40,41,44
2020-11-14,3,5,16,19,24
2020-11-11,9,11,20,22,28
2020-11-07,8,19,28,29,30
2020-11-04,1,18,23,30,32
2020-10-31,1,3,16,23,37
2020-10-28,17,18,22,24,31
2020-10-24,7,13,20,21,37
2020-10-21,7,18,27,33,37
2020-10-17,19,24,26,30,40
2020-10-14,4,36,38,40,45
2020-10-10,1,15,30,32,42
2020-10-07,16,19,25,40,44
2020-10-03,6,14,15,32,40
2020-09-30,13,22,24,32,42
2020-09-26,12,19,31,33,43
2020-09-23,27,29,32,34,39
2020-09-19,3,8,14,17,33
2020-09-16,2,9,20,22,45
2020-09-12,4,19,24,30,37
2020-09-09,3,5,10,18,37
2020-09-05,25,34,39,40,45
2020-09-02,5,12,13,24,30
2020-08-29,5,6,15,18,31
2020-08-26,10,14,30,36,39
2020-08-22,8,9,12,21,44
2020-08-19,3,29,31,35,37
2020-08-15,1,15,17,24,25
2020-08-12,7,20,25,27,32
2020-08-08,3,15,19,29,40
2020-08-05,3,14,20,21,44
2020-08-01,13,16,28,31,36
2020-07-29,6,21,34,41,44
2020-07-25,4,6,16,19,27
2020-07-22,12,13,16,37,41
2020-07-18,21,25,27,33,34
2020-07-15,10,13,17,30,37
2020-07-11,5,6,10,16,23
2020-07-08,1,8,19,22,26
2020-07-04,4,13,32,35,42
2020-07-01,10,14,25,35,38
2020-06-27,1,22,28,29,39
2020-06-24,1,10,19,41,44
2020-06-20,4,8,14,18,42
2020-06-17,4,5,24,29,30
2020-06-13,2,13,15,27,33
2020-06-10,1,17,29,38,42
2020-06-06,18,22,36,38,43
2020-06-03,4,15,21,34,40
2020-05-30,12,14,16,19,22
2020-05-27,3,8,14,24,27
2020-05-23,6,25,32,41,42
2020-05-20,29,31,34,40,45
2020-05-16,3,8,16,25,37
2020-05-13,2,19,21,25,33
2020-05-09,4,8,27,35,45
2020-05-06,12,15,28,41,45
2020-05-02,1,2,5,7,43
2020-04-29,5,8,16,29,30
2020-04-25,14,30,31,32,39
2020-04-22,7,22,25,26,34
2020-04-18,3,15,17,19,26
2020-04-15,5,7,15,37,42
2020-04-11,7,11,22,23,37
2020-04-08,10,13,14,16,44
2020-04-04,8,18,26,35,37
2020-04-01,7,14,20,23,29
2020-03-28,7,12,13,19,24
2020-03-25,16,21,25,37,40
2020-03-21,18,20,25,29,31
2020-03-18,1,3,26,35,43
2020-03-14,10,12,23,24,28
2020-03-11,11,15,26,33,40
2020-03-07,7,15,17,20,42
2020-03-04,3,12,30,34,42
2020-02-29,6,26,29,33,38
2020-02-26,23,24,27,34,41
2020-02-22,9,21,24,40,41
2020-02-19,7,15,34,36,43
2020-02-15,3,10,16,19,45
2020-02-12,10,16,22,23,28
2020-02-08,8,12,17,28,44
2020-02-05,10,23,33,39,43
2020-02-01,1,18,28,40,43
2020-01-29,1,10,22,38,44
2020-01-25,1,6,34,39,40
2020-01-22,6,11,16,28,35
2020-01-18,22,23,24,28,36
2020-01-15,7,14,21,24,35
2020-01-11,9,15,31,36,40
2020-01-08,13,14,19,26,30
2020-01-04,1,15,17,19,24
2020-01-01,12,18,22,37,44
2019-12-28,2,9,10,12,36
2019-12-25,5,9,15,19,27
2019-12-21,16,35,40,41,43
2019-12-18,5,10,12,14,28
2019-12-14,16,24,25,33,39
2019-12-11,6,14,31,40,44
2019-12-07,6,14,36,37,42
2019-12-04,8,25,27,32,43
2019-11-30,3,18,21,26,43
2019-11-27,7,14,26,39,42
2019-11-23,11,14,28,38,44
2019-11-20,3,12,15,19,28
2019-11-16,2,24,25,27,44
2019-11-13,2,11,16,23,34
2019-11-09,1,19,33,39,43
2019-11-06,9,10,21,22,40
2019-11-02,1,6,11,26,28
2019-10-30,1,4,12,20,28
2019-10-26,5,11,13,24,44
2019-10-23,12,17,20,35,40
2019-10-19,3,6,25,35,45
2019-10-16,3,4,13,26,38
2019-10-12,6,10,14,19,22
2019-10-09,7,24,35,41,43
2019-10-05,6,10,16,30,37
2019-10-02,1,13,20,24,39
2019-09-28,18,22,23,27,35
2019-09-25,12,25,34,36,38
2019-09-21,5,9,20,27,34
2019-09-18,2,16,36,39,41
2019-09-14,22,28,30,31,38
2019-09-11,8,15,18,36,37
2019-09-07,4,10,12,19,42
2019-09-04,9,11,28,36,43
2019-08-31,5,17,31,40,45
2019-08-28,2,3,15,22,34
2019-08-24,2,7,12,13,36
2019-08-21,6,7,14,23,25
2019-08-17,2,12,17,21,24
2019-08-14,18,21,31,33,37
2019-08-10,6,24,27,28,34
2019-08-07,4,15,17,22,31
2019-08-03,7,17,32,36,44
2019-07-31,1,7,8,28,40
2019-07-27,18,21,30,38,45
2019-07-24,9,14,16,36,37
2019-07-20,14,20,22,26,43
2019-07-17,19,27,29,32,36
2019-07-13,1,9,15,36,39
2019-07-10,1,20,21,29,45
2019-07-06,5,26,31,39,42
2019-07-03,9,15,27,29,42
2019-06-29,20,21,35,42,43
2019-06-26,12,23,28,30,33
2019-06-22,1,9,12,17,21
2019-06-19,11,18,34,40,45
2019-06-15,9,10,12,38,40
2019-06-12,1,9,10,27,42
2019-06-08,11,14,24,38,43
2019-06-05,12,19,23,38,42
2019-06-01,25,26,29,33,34
2019-05-29,8,12,37,43,45
2019-05-25,12,20,25,26,45
2019-05-22,1,7,9,29,31
2019-05-18,3,6,15,26,39
2019-05-15,4,20,22,29,39
2019-05-11,18,21,28,29,45
2019-05-08,7,9,17,23,32
2019-05-04,8,14,25,27,36
2019-05-01,24,25,32,34,44
2019-04-27,3,5,6,20,22
2019-04-24,4,23,35,38,45
2019-04-20,18,25,30,31,45
2019-04-17,6,7,39,40,45
2019-04-13,17,21,24,30,45
2019-04-10,11,27,42,43,45
2019-04-06,4,10,21,33,43
2019-04-03,6,20,33,35,44
2019-03-30,1,9,12,14,19
2019-03-27,7,15,36,41,44
2019-03-23,8,13,15,22,24
2019-03-20,5,15,37,41,42
2019-03-16,1,3,39,40,43
2019-03-13,4,8,25,38,39
2019-03-09,10,22,28,33,38
2019-03-06,17,20,22,32,38
2019-03-02,1,11,15,21,32
2019-02-27,3,6,20,32,41
2019-02-23,13,25,29,30,39
2019-02-20,2,23,24,25,30
2019-02-16,1,6,16,40,42
2019-02-13,2,7,9,18,31
2019-02-09,4,13,24,32,36
2019-02-06,13,23,29,38,45
2019-02-02,4,5,12,24,36
2019-01-30,9,13,16,27,41
2019-01-26,17,22,25,37,38
2019-01-23,11,14,22,33,38
2019-01-19,5,17,24,26,33
2019-01-16,5,11,30,32,43
2019-01-12,1,8,10,22,25
2019-01-09,2,20,22,30,43
2019-01-05,5,17,19,33,42
2019-01-02,17,25,29,38,45
2018-12-29,6,7,16,22,28
2018-12-26,2,6,9,41,43
2018-12-22,4,8,16,30,38
2018-12-19,11,27,36,42,43
2018-12-15,3,32,33,43,44
2018-12-12,2,11,17,39,45
2018-12-08,8,23,29,31,44
2018-12-05,3,24,27,34,36
2018-12-01,2,15,29,30,37
2018-11-28,6,13,24,25,27
2018-11-24,11,13,31,36,38
2018-11-21,3,5,6,13,33
2018-11-17,10,21,30,34,45
2018-11-14,10,17,22,25,44
2018-11-10,7,12,17,19,34
2018-11-07,3,17,20,21,37
2018-11-03,15,22,25,27,32
2018-10-31,6,30,33,41,44
2018-10-27,12,24,32,36,44
2018-10-24,1,6,13,17,19
2018-10-20,6,16,19,32,43
2018-10-17,17,21,24,40,43
2018-10-13,3,16,17,18,39
2018-10-10,1,6,19,26,33
2018-10-06,2,3,14,17,32
2018-10-03,11,12,13,14,31
2018-09-29,2,13,22,23,31
2018-09-26,3,23,26,40,45
2018-09-22,15,21,23,27,31
2018-09-19,7,12,23,27,43
2018-09-15,2,15,38,42,45
2018-09-12,12,20,29,40,44
2018-09-08,1,8,9,19,29
2018-09-05,1,11,13,17,27
2018-09-01,16,17,19,22,25
2018-08-29,6,7,8,20,44
2018-08-25,18,19,34,41,42
2018-08-22,1,6,7,36,40
2018-08-18,12,21,25,33,34
2018-08-15,2,4,5,16,40
2018-08-11,17,21,31,39,41
2018-08-08,1,11,12,28,35
2018-08-04,6,16,19,28,33
2018-08-01,15,18,22,27,32
2018-07-28,15,23,29,35,41
2018-07-25,5,18,22,31,39
2018-07-21,2,17,29,33,36
2018-07-18,5,10,16,32,45
2018-07-14,1,2,23,32,44
2018-07-11,3,10,31,32,37
2018-07-07,8,24,32,40,42
2018-07-04,4,8,14,36,37
2018-06-30,2,3,14,32,42
2018-06-27,5,9,16,17,18
2018-06-23,10,24,27,29,41
2018-06-20,1,24,26,33,37
2018-06-16,2,8,17,25,34
2018-06-13,2,12,20,38,39
2018-06-09,16,32,42,43,44
2018-06-06,3,6,14,19,26
2018-06-02,21,22,34,35,37
2018-05-30,12,14,17,33,42
2018-05-26,2,12,25,33,44
2018-05-23,7,19,26,36,44
2018-05-19,8,26,27,34,43
2018-05-16,8,16,26,38,39
2018-05-12,11,24,27,28,29
2018-05-09,8,18,21,30,36
2018-05-05,18,33,36,37,42
2018-05-02,5,10,16,25,42
2018-04-28,2,10,16,17,27
2018-04-25,5,9,20,21,35
2018-04-21,8,26,36,40,41
2018-04-18,11,19,23,33,44
2018-04-14,3,7,18,24,25
2018-04-11,4,20,27,30,43
2018-04-07,5,16,22,25,32
2018-04-04,4,10,16,22,41
2018-03-31,2,28,32,34,38
2018-03-28,18,26,31,40,42
2018-03-24,5,16,32,40,42
2018-03-21,9,17,22,31,42
2018-03-17,4,8,18,21,37
2018-03-14,1,2,11,34,41
2018-03-10,11,12,15,19,40
2018-03-07,2,6,15,26,34
2018-03-03,6,19,22,27,45
2018-02-28,2,6,25,37,43
2018-02-24,1,9,12,17,22
2018-02-21,14,22,38,40,45
2018-02-17,3,10,22,30,45
2018-02-14,2,9,27,39,40
2018-02-10,9,11,13,15,41
2018-02-07,4,25,26,31,37
2018-02-03,5,11,12,34,38
2018-01-31,1,3,26,34,43
2018-01-27,15,17,26,31,42
2018-01-24,2,7,8,22,34
2018-01-20,1,3,17,24,28
2018-01-17,16,26,35,38,42
2018-01-13,9,15,16,23,41
2018-01-10,26,29,35,36,44
2018-01-06,10,12,23,29,31
2018-01-03,8,9,17,22,44
2017-12-30,1,20,35,41,44
2017-12-27,6,23,27,29,42
2017-12-23,3,5,9,11,21
2017-12-20,2,6,11,33,37
2017-12-16,6,17,22,29,38
2017-12-13,3,20,25,26,35
2017-12-09,3,13,19,23,39
2017-12-06,4,6,24,33,37
2017-12-02,11,17,18,19,39
2017-11-29,1,8,14,19,23
2017-11-25,4,17,25,27,41
2017-11-22,5,24,25,32,41
2017-11-18,5,11,23,29,41
2017-11-15,8,18,32,40,42
2017-11-11,7,9,22,35,45
2017-11-08,1,14,23,39,45
2017-11-04,3,31,33,36,42
2017-11-01,9,12,31,39,42
2017-10-28,8,13,14,17,20
2017-10-25,3,17,23,37,45
2017-10-21,6,25,30,31,39
2017-10-18,1,21,27,30,38
2017-10-14,5,21,22,37,42
2017-10-11,6,14,22,29,40
2017-10-07,3,4,29,36,40
2017-10-04,2,12,25,31,42
2017-09-30,2,14,24,30,33
2017-09-27,19,20,25,35,43
2017-09-23,3,11,26,32,37
2017-09-20,17,19,39,40,44
2017-09-16,11,15,27,42,45
2017-09-13,3,9,16,25,27
2017-09-09,23,28,34,44,45
2017-09-06,10,16,18,43,44
2017-09-02,5,6,21,25,29
2017-08-30,9,14,25,32,34
2017-08-26,11,16,17,36,43
2017-08-23,12,28,30,36,38
2017-08-19,8,26,30,35,38
2017-08-16,11,19,23,30,37
2017-08-12,15,32,36,40,41
2017-08-09,7,19,27,35,45
2017-08-05,6,10,20,22,41
2017-08-02,6,9,24,34,41
2017-07-29,12,21,22,24,37
2017-07-26,19,25,29,33,39
2017-07-22,11,15,21,32,39
2017-07-19,5,9,25,27,31
2017-07-15,12,27,31,39,45
2017-07-12,6,7,21,25,38
2017-07-08,4,12,15,34,40
2017-07-05,5,21,30,33,34
2017-07-01,2,4,13,14,28
2017-06-28,6,8,14,39,43
2017-06-24,23,24,30,36,44
2017-06-21,2,4,10,21,38
2017-06-17,2,24,26,40,42
2017-06-14,1,8,13,30,39
2017-06-10,8,20,25,26,44
2017-06-07,2,3,6,7,44
2017-06-03,1,8,18,22,39
2017-05-31,5,21,27,38,40
2017-05-27,18,27,34,37,42
2017-05-24,11,12,19,31,34
2017-05-20,1,9,23,28,38
2017-05-17,15,22,25,27,39
2017-05-13,4,19,22,39,42
2017-05-10,23,29,34,36,37
2017-05-06,22,24,36,41,44
2017-05-03,2,13,20,21,30
2017-04-29,6,8,15,16,33
2017-04-26,2,10,21,44,45
2017-04-22,5,26,31,34,39
2017-04-19,19,29,33,34,40
2017-04-15,3,12,17,23,29
2017-04-12,12,27,41,43,45
2017-04-08,3,10,28,32,41
2017-04-05,5,38,39,42,45
2017-04-01,3,12,16,28,44
2017-03-29,1,17,24,42,44
2017-03-25,7,24,30,36,42
2017-03-22,14,28,32,33,44
2017-03-18,16,18,29,32,34
2017-03-15,6,25,30,35,45
2017-03-11,15,22,37,44,45
2017-03-08,3,7,11,14,45
2017-03-04,12,20,26,34,37
2017-03-01,6,12,36,41,43
2017-02-25,6,8,11,14,37
2017-02-22,14,21,22,28,40
2017-02-18,10,14,23,27,34
2017-02-15,20,27,32,33,36
